id,teachingEvent__taxonomyId,university__organizationsId,studyLevels__taxonomyId,weeklySemesterHours,semesters,title.de,title.en,objectives.en,objectives.de,contents.de,contents.en,languages,partOfProgrammesOfStudy,links.homepage.de,links.homepage.en,review.status__id,review.log,review.reviewer__contactsID
community/hu-berlin/das-1x1-der-beschleunigerphysik,/g/academic-teaching/academic-teaching-event/proseminar,community/hu-berlin,/g/academic-teaching/academic-study-programme/bachelor-degree-programme,2,2024-2,Das 1x1 der Beschleunigerphysik,Das 1x1 der Beschleunigerphysik,,Der Kurs vermittelt die Grundlagen der Physik von Teilchenbeschleuniger. Neben der theoretischen Betrachtungen der Teilchendynamik können praktische Programmiererfahrungen gemacht werden. ,"Der Kurs besteht aus Voträgen zu ausgwählten Themen der Beschleunigerphysik und Projektpräsentationen, an dem die Studierenden im Verlauf der Semesters arbeiten. Wir starten mit einer Runde von Besuchen der Beschleuniger am HZB: Die Synchrotronstrahlungsquelle BESSY II, das Cyclotron für die Protonentherapie und die nachhaltige Beschleunigertestanlage SEALAB. Die Vorträge im ersten Teil sollen die Grundprinzipien der Erzeugung, Beschleunigung und Manipulation von Teilchenstrahlen vermitteln, mit Fokus auf die Beam Physik für die vorher besuchten Beschleunigeranlagen. Im Projektteil können die Studierenden entweder ein Programmierprojekt (matlab/python Beschleunigersimulator für transversale oder longitudinale Strahldynamik, Strahlungserzeugung) arbeiten oder einen vertiefenden Votrag zu einem ausgewählten Thema der Beschleunigerphysik (z.B. Kohärenz, Freie Elektronen Laser) vorbereiten.",,de,"",https://agnes.hu-berlin.de/lupo/rds?state=verpublish&status=init&vmfile=no&publishid=218330&moduleCall=webInfo&publishConfFile=webInfo&publishSubDir=veranstaltung,,01: preparation,,
community/hu-berlin/das-1x1-der-beschleunigerphysik-(uebungen),/g/academic-teaching/academic-teaching-event/lecture-exercise,community/hu-berlin,/g/academic-teaching/academic-study-programme/bachelor-degree-programme,1,2024-2,Das 1x1 der Beschleunigerphysik (Übungen),Das 1x1 der Beschleunigerphysik (Übungen),,,,,de,"",https://agnes.hu-berlin.de/lupo/rds?state=verpublish&status=init&vmfile=no&publishid=218331&moduleCall=webInfo&publishConfFile=webInfo&publishSubDir=veranstaltung,,01: preparation,,
community/hu-berlin/physik-und-technik-moderner-teilchenbeschleuniger,/g/academic-teaching/academic-teaching-event/lecture,community/hu-berlin,/g/academic-teaching/academic-study-programme/master-degree-programme,2,2024-1,Physik und Technik moderner Teilchenbeschleuniger,Physik und Technik moderner Teilchenbeschleuniger,,"Einführung in die Grundlagen und die theoretische Beschreibung der Grundkonzepte der Beschleunigerphysik, sowie der linearen Strahloptik bzw. Strahldynamik und deren Erweiterung in den Bereich nichtlinearer Effekte. Kentnisse verschiedener Beschleunigertypen (Linearbeschleuniger, Rezirkulatoren, Kreisbeschleuniger) und relevanter Technologiefelder (Hochfrequenzsysteme und Beschleunigerkavitäten, Magnetsysteme, Teilchenquellen, Strahldiagnose). ","Lineare und nichtlineare Strahloptik und Strahldynamik, lineare und rezirkulierende Beschleunigersysteme mit normalleitenden und supraleitenden Magneten und Hochfrequenzsystemen, Kreisbeschleuniger, Collider (z.B. LHC), Synchrotronstrahlungsquellen (z.B. BESSY II) und Freie Elektronen Laser (z.B. European XFEL), Teilchenquellen, Strahldiagnose, aktuelle Entwicklungen der Beschleunigerphysik wie z.B. Energy Recovery Linearbeschleuniger.
Im Rahmen der Übungen bzw. nach Absprache: immer mal wieder Besuch der Beschleunigeranlagen des HZB zur Vertiefung des Vorlesungsstoffs. Die Übungen werden wir versuchen teilweise als Fallstudien zu gestalten.",,de,"",https://agnes.hu-berlin.de/lupo/rds?state=verpublish&status=init&vmfile=no&publishid=212130&moduleCall=webInfo&publishConfFile=webInfo&publishSubDir=veranstaltung,,01: preparation,,
community/hu-berlin/physik-und-technik-moderner-teilchenbeschleuniger-(uebungen),/g/academic-teaching/academic-teaching-event/lecture-exercise,community/hu-berlin,/g/academic-teaching/academic-study-programme/master-degree-programme,2,2024-1,Physik und Technik moderner Teilchenbeschleuniger (Übungen),Physik und Technik moderner Teilchenbeschleuniger (Übungen),,,,,de,"",https://agnes.hu-berlin.de/lupo/rds?state=verpublish&status=init&vmfile=no&publishid=212131&moduleCall=webInfo&publishConfFile=webInfo&publishSubDir=veranstaltung,,01: preparation,,
community/kit/accelerators-and-synchrotron-radiation-for-materials-research-with-tutorials-and-a-practical-training,/g/academic-teaching/academic-teaching-event/block,community/kit,/g/academic-teaching/academic-study-programme/master-degree-programme,5,2024-1,Accelerators and Synchrotron Radiation for Materials Research with Tutorials and a Practical Training,Accelerators and Synchrotron Radiation for Materials Research with Tutorials and a Practical Training,,,,,en,"",https://campus.studium.kit.edu/ev/WNs-nI92TAqXKYhnYBkHrQ/de,,01: preparation,,
community/kit/accelerators-and-detectors---future-technologies-for-research-and-medicine,/g/academic-teaching/academic-teaching-event/hauptseminar,community/kit,/g/academic-teaching/academic-study-programme/master-degree-programme,2,2024-2,Accelerators and Detectors - Future Technologies for Research and Medicine,Accelerators and Detectors - Future Technologies for Research and Medicine,,,,,en,"",https://campus.studium.kit.edu/ev/JqBh6KZqRw-IW0dTJ-slgQ/de,,01: preparation,,
community/kit/modern-accelerators-and-research-with-photons,/g/academic-teaching/academic-teaching-event/hauptseminar,community/kit,/g/academic-teaching/academic-study-programme/master-degree-programme,2,2024-1,Modern Accelerators and Research with Photons,Modern Accelerators and Research with Photons,"Erzeugung von Synchrotronstrahlung in Beschleunigern, neue Konzepte, Eigenschaften der Synchrotronstrahlung, Anwendungen in der Erforschung der kondensierten Materie, neue Materialien und in den Lebenswissenschaften ",,,,en,"",https://campus.studium.kit.edu/ev/3GPhUnhPSmSA9g7f1Tytjg/de,,01: preparation,,
community/kit/beschleunigerphysik,/g/academic-teaching/academic-teaching-event/lecture,community/kit,/g/academic-teaching/academic-study-programme/master-degree-programme,2,2024-1,Beschleunigerphysik,Particle Accelerator Physics,,,,,en,"",https://campus.studium.kit.edu/ev/1YSKJC0AT0WjyfwLTcXyVg/de,,01: preparation,,
community/kit/praktische-uebungen-an-kara-zur-beschleunigerphysik,/g/academic-teaching/academic-teaching-event/laboratory-practical,community/kit,/g/academic-teaching/academic-study-programme/master-degree-programme,1,2024-1,Praktische Übungen an KARA zur Beschleunigerphysik,	Practical Exercises at KARA for Accelerator Physics,,,,,de,"",https://campus.studium.kit.edu/ev/_5YRyK5CQP2XkCgJjpqKVw/de,,01: preparation,,
community/rwth-aachen/accelerator-physics-seminar,/g/academic-teaching/academic-teaching-event/hauptseminar,community/rwth-aachen,/g/academic-teaching/academic-study-programme/master-degree-programme,2,2024-2,Accelerator Physics Seminar,Accelerator Physics Seminar,,,"Proposed Seminar Talks: 
- Synchrotron Radiation 
- Beam Instrumentation 
- Magnet Design 
- Dynamic Aperture 
- Beam Cooling 
- Laser-Plasma Acceleration 
- Acceleration of Polarized Beams 
- Spin Dynamics with EDM ","Content of the lecture:1. Introduction
Literature / Applications / Relativistic kinematics / Types of accelerators
2. Accelerator components
Magnets / Accelerating structures / Injection / Beam diagnostics / vacuum
3. Linear Beam Dynamics in Circular Accelerators
Beam lines / Optical functions / Beam emittance / Hill's DGL
4. Transversal Beam Dynamics
Betatron tune / Beam trajectory / Betatron resonances / Dispersion / Chromaticity
5. Longitudinal Beam Dynamics
Beam trajectory / Separatrix / Phase space
6. Nonlinear Beam dynamics and Collective Effects
Multipoles / Dynamic Aperture / Space charge / Ring impedance
7. Beam Cooling and Luminosity
Beam cooling systems / Targets
8. Spin Dynamics
Thomas-BMT equation / Spin resonances / Spin flipper / Siberian snake
9. Laser Interaction with Matter
Projects / Acceleration mechanisms / Betatron radiation
",en,"",https://online.rwth-aachen.de/RWTHonline/ee/ui/ca2/app/desktop/#/slc.tm.cp/student/courses/498668?$scrollTo=toc_overview,,01: preparation,,
community/rwth-aachen/introduction-to-accelerator-physics-(uebungen),/g/academic-teaching/academic-teaching-event/lecture-exercise,community/rwth-aachen,/g/academic-teaching/academic-study-programme/master-degree-programme,1,2024-1,Introduction to Accelerator Physics (Übungen),Introduction to Accelerator Physics (Exercises),,,Übungen zu den Inhalten der Vorlesung,,en,"",https://online.rwth-aachen.de/RWTHonline/ee/ui/ca2/app/desktop/#/slc.tm.cp/student/courses/484200?$scrollTo=toc_overview,,01: preparation,,
community/rwth-aachen/introduction-to-accelerator-physics-(lecture),/g/academic-teaching/academic-teaching-event/lecture,community/rwth-aachen,/g/academic-teaching/academic-study-programme/master-degree-programme,2,2024-1,Introduction to Accelerator Physics (Lecture),Introduction to Accelerator Physics (Lecture),,"Ziel dieser Vorlesung ist es, eine umfassende Einführung in die Physik und Technologie von Teilchenbeschleunigern zu geben. Sie umfasst die Vorstellung der gebräuchlichsten Typen von Beschleunigern und Beschleunigerkomponenten, Beschleunigerkomponenten und die theoretische Beschreibung der Strahl- und Spinbewegung in Kreisbeschleunigern.",,"1. Introduction: Literature / Applications / Relativistic kinematics / Types of accelerators
2. Accelerator components: Magnets / Accelerating structures / Injection / Beam diagnostics / vacuum
3. Linear Beam Dynamics in Circular Accelerators: Beam lines / Optical functions / Beam emittance / Hill's DGL
4. Transversal Beam Dynamics: Betatron tune / Beam trajectory / Betatron resonances / Dispersion / Chromaticity
5. Longitudinal Beam Dynamics: Beam trajectory / Separatrix / Phase space
6. Nonlinear Beam dynamics and Collective Effects: Multipoles / Dynamic Aperture / Space charge / Ring impedance
7. Beam Cooling and Luminosity: Beam cooling systems / Targets
8. Spin Dynamics: Thomas-BMT equation / Spin resonances / Spin flipper / Siberian snake
9. Laser Interaction with Matter: Projects / Acceleration mechanisms / Betatron radiation",en,"",https://online.rwth-aachen.de/RWTHonline/ee/ui/ca2/app/desktop/#/slc.tm.cp/student/courses/484200?$scrollTo=toc_overview,,01: preparation,,
community/tu-darmstadt/beschleunigerphysik,/g/academic-teaching/academic-teaching-event/lecture,community/tu-darmstadt,/g/academic-teaching/academic-study-programme/master-degree-programme,2,2024-2,Beschleunigerphysik,Accelerator Physics,,,"Grundlagen der Strahldynamik in Linear- und Kreisbeschleunigern, Funktionsweise von Beschleunigern und Beschleunigerkomponenten, Messung von Strahleigenschaf-ten, Strahlintensitätseffekte und Stromgrenzen.",,de,"","https://www.tucan.tu-darmstadt.de/scripts/mgrqispi.dll?APPNAME=CampusNet&PRGNAME=COURSEDETAILS&ARGUMENTS=-N000000000000001,-N000335,-N0,-N387755361015744,-N387755361002745,-N0,-N0,-N3,-ARWobxzV-PgUZmYA0eqm07N5AeWPgCYmzPMADmSKPQqBAxBBjeqWBPfZQQMK5e-nFHdP3fuHMQMiNcgpa4SH73YZXrqLFmZpxRqLxmWRexfwSOjKoxfL5cMijeDWtPzWHmqAfcBKyPNU3VIpqVDZ6YgW8ffRfvbZAcd5COqKSvdGuWuKbRQH7WfZhHNZwVjfZfzmLrU5KVzo3WMLyQff6vDZVYfAorgWk7uA-ObZFmIUFWZWx7fVtfgWIWgmErqydefWTPZLDVoHgx-Rt7UlNctZPPfadeMml4fKDRzFZVuK8cqHAxBKbOMP7VDwevjA3vgRgHMKavuRmVuPaQkZ8mDUvxIWJmzGDvIHsOjAyYMBFVoi6OIo6HgWCcqmLe-WXOBWbfgWhOf6zHzLv3BPKCWLJYfmbeULHYbN9HWmARZeZvM5kCY5bRYHgfzAzxZf9rDmWvo5ovWRWVUWHWIWzVqBdvDPFOgLkfqo7xYWKvNmjvMUq3S53fgHSvjoyRoR-vUatxqLBcNmTxMA0cdNNmdHZWMpHe-5PYWKWQ-pQvgLxPopkmWPwfM7FefUVvBWFWoHCQWRhPbZFfz2wPBoTWI7jvg7AvZ5Xvd55czmDHjWuxZWZPY9jWdKUeQPCRdLbWfPbQIoECvZNRdRzmuH3OIpzHNaFYQmXVQW6mSoffomxRjKvYY6pV-ozcNwQOMAS4MLMrMpevWWAQoK94oo6OoRHRjoy4Y6YeWLNmNUCPj5PcqAIOql-mYWg3opaRqwN",,01: preparation,,
community/tu-darmstadt/laser-particle-acceleration-and-secondary-radiation-sources,/g/academic-teaching/academic-teaching-event/lecture,community/tu-darmstadt,/g/academic-teaching/academic-study-programme/master-degree-programme,3,2024-1,Laser particle acceleration and secondary radiation sources,Laser particle acceleration and secondary radiation sources,,,,,de,"",,,01: preparation,,
community/tu-darmstadt/laser-particle-acceleration-and-secondary-radiation-sources,/g/academic-teaching/academic-teaching-event/lecture-exercise,community/tu-darmstadt,"/g/academic-teaching/academic-study-programme/master-degree-programme,/g/academic-teaching/academic-study-programme/bachelor-degree-programme",1,2024-1,Laser particle acceleration and secondary radiation sources,Laser particle acceleration and secondary radiation sources (Tutorial),,,,,"de,en","",,,01: preparation,,
community/tu-darmstadt/numerische-methoden-der-beschleunigerphysik-,/g/academic-teaching/academic-teaching-event/lecture,community/tu-darmstadt,/g/academic-teaching/academic-study-programme/master-degree-programme,2,2024-1,Numerische Methoden der Beschleunigerphysik ,Numerical methods of accelerator physics ,,,Illustration der Genauigkeitsanforderungen an numerische Verfahren anhand einfacher Beispiele aus der Beschleunigerphysik Methoden der numerischen Feldberechnung für Beschleunigungskavitäten und Magnete Stabilitätsanalyse und Eigenwertprobleme in der Beschleunigerphysik Methoden der Teilchenverfolgung in elektromagnetischen Feldern Sampling-Techniken von Strahlverteilungsfunktionen Verfahren zur selbstkonsistenten numerischen Integration der Strahlverteilungsfunktion in elektromagnetischen Feldern Ersatzmodelle für den Einsatz im Kontrollraum Interaktive (python) Notebooks und Beispielskripte zu allen Verfahren und Anwendungen ,,"de,en","","https://www.tucan.tu-darmstadt.de/scripts/mgrqispi.dll?APPNAME=CampusNet&PRGNAME=COURSEDETAILS&ARGUMENTS=-N000000000000001,-N000335,-N0,-N389455438970722,-N389455438999723,-N0,-N0,-N3,-ARjKpQUmKHNLNVg7jcBLeRjWPcj7AW-iFcfA5OWRLvUeFmdUBmuAHxdVFxDm6PzK3YMU3HfyZmooNeZWqPUoXeMPlYMmwOjP5RoPsx-cweY69PNUfRqBFvIRFHgRYWImEeM5yOvZ9HzmB7QBAmg5pQDHXfDAkfoPNHM5lcBZMfNASmdWjfQ5URg5MWzGDfZHFVuPCmfWzxSK3xoowmWHUOdyjVqwdPYmUfUKpmqUsOSmAYooorqwdWIo0Yu58WvZNRZHHcMmPmUL9egoUmkNA3fAtVuLNQjKwvBoSQ-WxHYLuVSKsrD6kHZojCYANCYPkmzH-voW5fDewWYcZfqZ5mjiAYQRsRWlA4fW3m-50cNZNvq6PCY53mqHYWuFFWjWxHIU3WuUbOgpZVZKwRjRMHDA3cIpoeq5ImNGmQQ76CuU6mDZdYMLo7uKJRBwAVUKWYWDNfWKomfZC4SRLQUpf7gWmRjHdcgmWYWUfQUlAHQm7RBoBHDmqcqP9WBwKYSHEOBwh7NUAPdLDVDnNfNwLOoLsfzajHMU9eNKUWzndOf6SRzL5RWVjfIU3RzRhOzc6PZKLPf7t3uHYYSc-CfKLQ-LQVWm33zAF3fL8fQPZWbZEVNZBVgWbH-i6HvZdmS7ZPjRyYqWL4SU7YDPzfMFNWQ5tHYAYHYmImfWNWN6vHNHTejRyYURKRZmXfZpwWQmVxgmoRMWzHMRZWfnNvSLoHIog3zwTCQptmSAWVZmEvdcNedBFWf6fvZnZvMpp4uph",,01: preparation,,
community/tu-darmstadt/physik-dichter-plasmen-mit-schwerionen--und-laserstrahlen,/g/academic-teaching/academic-teaching-event/seminar,community/tu-darmstadt,"/g/academic-teaching/academic-study-programme/bachelor-degree-programme,/g/academic-teaching/academic-study-programme/master-degree-programme",2,2024-1,Physik dichter Plasmen mit Schwerionen- und Laserstrahlen,Physik dichter Plasmen mit Schwerionen- und Laserstrahlen,,,Anwendung und Erkennen theoretischer Zusammenhänge auf praxisrelevante Beispiele der Beschleunigertechnik,,"de,en","","https://www.tucan.tu-darmstadt.de/scripts/mgrqispi.dll?APPNAME=CampusNet&PRGNAME=COURSEDETAILS&ARGUMENTS=-N000000000000001,-N000335,-N0,-N388383620155765,-N388383620121766,-N0,-N0,-N3,-AeDmwCfyFWYUCQMK9HSWvWQR3HBRqWImgvNHZVB59xd6XvgRWeZUSxdWM4upKWZPDVoKxmuPWOd2w4UewHgUpef6M3SV-4gLZYgpkvoUMOYKmQgWpHdPAVdWNmjReHzedRNFw7fl-xUow7NyFcz6BRUPdv-pweYZfCuLHQdGEcYDwfNLdHgP6HdoxRW5AvqAUcbZbVqZ9HWHXPSWqHSLUOWHqHDB-OYoFRUKdrMAFQUPq3SLAvI5jmQ5xWuPDQgW9PzG6foPJfz6bRZpxOUHF7NZDQY5McbZWvgUfYgWpcqKT7q6BfNWgeYwDrU58mZPBcbZFCumzPMo0WNAUfIp5mzGEmBUfVuBAcDl93zPZfWmU4qGsQMW-4IHuefP97jHTcWlj7DHSfNfAcQ7wQjK0YuHJWUHpfzKKRZWPPNGqfdKQVDyweglwYDmBQWB9WDGqH-W5fIoCfqHKWBy-cWmUPYGPYQ7NcjWsHBwtOBHaeqwXCuUWOIHpfYKTff6IOoLMHoWjOYmqOUmEmdwlWSRXHU5QxSK0ODNNWILQeNNZQzACVfwACWp6mDGfmfG5rUmSVfR63fUDmzGfcuDZedadcNGCODWZRSpdHZ5amjplxIUPWQ5UQQPhcDPa7Dw8HMRyvDWtWMHhODLpV-5lRuLtHdmC7uUYOSKemoPF4ocF3QmMxoD9WUP54IUH7NNAvdKWWqcwWoPdOz5l4kZN4DUYc-WqPMmwPupy7NZqYuD9vjnZmgLZv-5jmZHxYBNAHUUq",,01: preparation,,
community/tu-darmstadt/beschleunigertechnik,/g/academic-teaching/academic-teaching-event/proseminar,community/tu-darmstadt,/g/academic-teaching/academic-study-programme/master-degree-programme,4,2024-1,Beschleunigertechnik,Particle Accelerator Technology,,,"Bearbeitung eines komplexeren Projekts aus dem Bereich der Beschleunigertechnik. Je nach Problemstellung sind messtechnische, analytische und Simulations-Aspekte enthalten.",,de,"","https://www.tucan.tu-darmstadt.de/scripts/mgrqispi.dll?APPNAME=CampusNet&PRGNAME=COURSEDETAILS&ARGUMENTS=-N000000000000001,-N000335,-N0,-N373084168651854,-N373084168665855,-N0,-N0,-N3,-ArgoNxvNAOBUS4z6fQYU0vflAYzLvHdRjOz5-3kNjQDA-YzUBcf6IRuo-P-5-CWWdOfRMYIRECWH-Rj7NVqRa7dG0CuRUHfPKmYAKrMiNxgUv7YFFVMHZVoidmofjWjUlcIpSPUit7jpXQfAVvgp8fjR8O-HKvDWv7QobczRa4IRb7MoHvqPkeZoqcqR3mYWUcYP0fvZ7voKpfUP6YuAh4Mm8xoUvRfwjHuRIVz7-QZmBCWRkVSPzfZHl4WP-4zejRgej7NAlHIopODRNmYHwOUH0PWLjfSAgmDPEfSPEczAuvYoXHzmNP-HTWdH5QMLQmSnAWNGhQf50HDAzOZUw7DlZcDLKHq6keDHgOzLhOUftYQHZYQiFmzHZeDfFHoUYOYUMWNWXQfKoHDc-YBW0xZovPtZWQjKKOQLAfq5TvfH5HYPFQNVwPQ58Vqf6cMUD3WHWVdWNvtZq7-U-vj5PWfU6xopxYSU-YM7NRQpY7ZPVVfPWPZKeHWoBWo5xRu7tOg5vxDGbxglwOWHt4UWMP-oDmMoHRuateq5l4uWemSPUvBy9WQWNvu5oVUU-xZRIrq26YQRUHIWvONmxeDmaOSUVfSUh3BGPYSHFcB2wVWp8WzUbRuFAOZpecg5yHYozfgUe4gmqYfwHQdRPCWRZVoRBPdol4fKAWuWBmSmpcZLoRqcwRZmE4DouvYDFHglAxq68HqRIYgmC7QmxWgLkOYAyxuAbeqRhV-pXxNWJOULfRbZVVuAmWNNjcWUE7NGu",,01: preparation,,
community/tu-darmstadt/roentgenlicht-freie-elektronen-laser,/g/academic-teaching/academic-teaching-event/lecture,community/tu-darmstadt,"",2,2024-2,Röntgenlicht-Freie-Elektronen-Laser,Röntgenlicht-Freie-Elektronen-Laser,"Optische Laser können Röntgenstrahlen von Photonen nicht erzeugen. Deshalb wurden Freie-Elektron-Laser als äußerst intensive Quellen der Röntgenstrahlung entwickelt.  Die Maximalhelligkeit dieser Anlagen übertrifft die anderer Quellen um mehr als zehn Größenordnungen.  Die Freie-Elektronen-Laser erzeugen ein hartes Röntgenlicht mit sehr hoher Querkohärenz und von Femtosekunde-Pulslänge.  Diese Eigenschaften öffnen neue Gebiete der Wissenschaft.  In diesem Kurs wird eine Übersicht der Grundlagen der Freie-Elektronen-Laser-Physik behandelt.  Wir fangen unsere Diskussion von Grundlagen der Teilchenbeschleunigung und Synchrotronstrahlung an, beschreiben die Elektronbewegung in einem Undulator und erklären die wichtigsten Schritte zur Ableitung der Gleichungen.  Die wichtigsten Eigenschaften des Lasers im linearen und in nichtlinearen Regimen werden diskutiert. Das Grundprinzip  der selbstverstärkten spontanen Emission (SASE) wird eingeführt und charakterisiert. Wir besprechen verschiedene neuentwickelte Schemas, um die Leistung der Laser zu erhöhen. Die theoretischen Grundlagen werden im Kurs durch die Ergebnisse von numerischen Simulationen und Experimenten teilweise illustriert. Die numerischen Algorithmen werden kurz besprochen. ",,,,de,"",,,01: preparation,,
community/tu-darmstadt/roentgenlicht-freie-elektronen-laser,/g/academic-teaching/academic-teaching-event/lecture-exercise,community/tu-darmstadt,"",1,2024-2,Röntgenlicht-Freie-Elektronen-Laser,Röntgenlicht-Freie-Elektronen-Laser,,,"Optische Laser können Röntgenstrahlen von Photonen nicht erzeugen. Deshalb wurden Freie-Elektron-Laser als äußerst intensive Quellen der Röntgenstrahlung entwickelt.  Die Maximalhelligkeit dieser Anlagen übertrifft die anderer Quellen um mehr als zehn Größenordnungen.  Die Freie-Elektronen-Laser erzeugen ein hartes Röntgenlicht mit sehr hoher Querkohärenz und von Femtosekunde-Pulslänge.  Diese Eigenschaften öffnen neue Gebiete der Wissenschaft.  In diesem Kurs wird eine Übersicht der Grundlagen der Freie-Elektronen-Laser-Physik behandelt.  Wir fangen unsere Diskussion von Grundlagen der Teilchenbeschleunigung und Synchrotronstrahlung an, beschreiben die Elektronbewegung in einem Undulator und erklären die wichtigsten Schritte zur Ableitung der Gleichungen.  Die wichtigsten Eigenschaften des Lasers im linearen und in nichtlinearen Regimen werden diskutiert. Das Grundprinzip  der selbstverstärkten spontanen Emission (SASE) wird eingeführt und charakterisiert. Wir besprechen verschiedene neuentwickelte Schemas, um die Leistung der Laser zu erhöhen. Die theoretischen Grundlagen werden im Kurs durch die Ergebnisse von numerischen Simulationen und Experimenten teilweise illustriert. Die numerischen Algorithmen werden kurz besprochen. ",,de,"","https://www.tucan.tu-darmstadt.de/scripts/mgrqispi.dll?APPNAME=CampusNet&PRGNAME=COURSEDETAILS&ARGUMENTS=-N000000000000001,-N000335,-N0,-N387755362430039,-N387755362453040,-N0,-N0,-N3,-AHNLSmdwUVWc-voHVVzDtVSoDxBa-ejBjPfZmxYUeQMljmBwLRfK7mSAMOoKAP-Ho7fo-YfNteMLTfon-Cuc6Qum9VNZd7vNZ4uD6xupzxWBAmdGXPMHLfDL97ZfAOfR3HzWZmULqegP3PDGxYuFwPYGHQDUNfupFPWWg4oVwxjftmvZ0YzwJHq5b7jAyxf6Uxz5aOjLzedG6ff7wCfRbPMUX4BwhxMACQq99RqPeRYR34YLD4fDtfoaAWMpYHZKkODZbVYUHfYGJQB6hRYPg4WLVRYHwRjUfxDGamNPyVYWLWdKhOqUFxDKd3QL0euHhQdfdvZUqYDKFPdUwVf5qQbZwHD67cB6YedAFVD5XP-mzHDwfcuK0P-5JPfVw4uApYqf9Qdc6xN9d7u5BeZmsczDdmfm6WWmScWUd7D5I4YH5vdoqPfW-CYW8RdHpWYHkRfwjv-UtHYRHVqHBcMfwRUmZvYoxcjoKVd60xWmWPBUNfoa9fz57VWoZ3WWEWS7jCfHXWDWgV-oARqcdxueFmdlNHQUBHNmvmNRhcuUFxSpU4QpDCf5BPZWpYMDwYIPkm-m7PzZMQDGlHZmgVUHx7do-WdBdHgp5eMmERZHMvfG7Od5IPDKAvUUkmMUsODZ5ONK8VBmQYBoHVZLuefRlvjAmQSKdcqldVf6zOjVAPgooYgVwQtZBfoP5mzogeNy-vQHmYDPemoe9VQ5QcSm-vNG8PjKaYfRNmDDNcBHLHI5qmDmhWIHC4qZI7WlFcMP5",,01: preparation,,
community/tu-darmstadt/physik-und-technik-von-beschleunigern,/g/academic-teaching/academic-teaching-event/seminar,community/tu-darmstadt,"/g/academic-teaching/academic-study-programme/master-degree-programme,/g/academic-teaching/academic-study-programme/bachelor-degree-programme",1,2024-1,Physik und Technik von Beschleunigern,Accelerator Physics and Technology,Anwendung und Erkennen theoretischer Zusammenhänge auf praxisrelevante Beispiele der Beschleunigertechnik,,,,"de,en","","https://www.tucan.tu-darmstadt.de/scripts/mgrqispi.dll?APPNAME=CampusNet&PRGNAME=COURSEDETAILS&ARGUMENTS=-N000000000000001,-N000601,-N0,-N371254096109012,-N371254096117013,-N0,-N0,-N0",,01: preparation,,
community/tu-dortmund/beschleunigerphysik-i,/g/academic-teaching/academic-teaching-event/lecture,community/tu-dortmund,/g/academic-teaching/academic-study-programme/bachelor-degree-programme,2,2024-1,Beschleunigerphysik I,Beschleunigerphysik I,,,"1. Einführung: Physikalische Grundlagen, Geschichte, Beschleunigertypen
2. Transversale Strahldynamik: Magnete, Teilchenoptik, transversaler Phasenraum
3. Longitudinale Strahldynamik: Hochfrequenzsysteme, longitudinaler Phasenraum
4. Synchrotronstrahlung: Überblick ",,de,B.Sc. Physics,https://delta.tu-dortmund.de/studium/lehrveranstaltungen/beschleunigerphysik/#/,,01: preparation,,
community/tu-dortmund/beschleunigerphysik-ii,/g/academic-teaching/academic-teaching-event/lecture,community/tu-dortmund,/g/academic-teaching/academic-study-programme/master-degree-programme,4,2024-2,Beschleunigerphysik II,Beschleunigerphysik II,,,,,de,"M.Sc. Physics,M.Sc. Medical Physics",https://delta.tu-dortmund.de/studium/lehrveranstaltungen/beschleunigerphysik/#/,,01: preparation,,
"community/tu-dortmund/beschleunigerphysik-und-synchrotronstrahlung,-anwendungen-in-der-festkoerperphysik",/g/academic-teaching/academic-teaching-event/proseminar,community/tu-dortmund,/g/academic-teaching/academic-study-programme/master-degree-programme,2,"2024-1,2024-2","Beschleunigerphysik und Synchrotronstrahlung, Anwendungen in der Festkörperphysik","Beschleunigerphysik und Synchrotronstrahlung, Anwendungen in der Festkörperphysik",,,"Im Rahmen von Vorträgen mit anschließender Diskussion werden aktuelle Probleme der Erzeugung und Anwendung von Synchrotronstrahlung behandelt. Die Themen umfassen Methoden der Festkörperphysik  im Bereich der weichen bis harten Röntgenstrahlung und zur Oberflächenmodifikation und -analyse bis hin zu beschleunigerphysikalischen Themen im Hinblick auf die Erzeugung hochenergetischer Elektronenstrahlen und der Synchrotronstrahlung mittels Strahlungserzeugern. Das Seminar findet als Gemeinschaftsveranstaltung der Lehrstühle Experimentelle Physik I und Beschleunigerphysik statt. Die Themen sind stark an Fragestellungen der Dortmunder Elektronenspeicherringanlage DELTA orientiert. Diese Anlage auf dem Campus der Universität Dortmund ist eine lokale Synchrotronstrahlungsquelle mit 1,5 GeV Elektronenenergie. und Strahlungserzeugern im weichen  (Undulator 250, Undulator U55) und harten Röntgengebiet (supraleitender Wiggler).",,de,"",https://delta.tu-dortmund.de/studium/lehrveranstaltungen/beschleunigerphysik-und-synchrotronstrahlung/,,01: preparation,,
community/uni-bonn/accelerator-physics-___-beschleunigerphysik-i,/g/academic-teaching/academic-teaching-event/lecture,community/uni-bonn,"/g/academic-teaching/academic-study-programme/master-degree-programme,/g/academic-teaching/academic-study-programme/bachelor-degree-programme",2,2024-1,Accelerator Physics / Beschleunigerphysik I,Accelerator Physics / Beschleunigerphysik I,,,,,en,"",,,01: preparation,,
community/uni-bonn/accelerator-physics-___-beschleunigerphysik-i,/g/academic-teaching/academic-teaching-event/lecture-exercise,community/uni-bonn,/g/academic-teaching/academic-study-programme/master-degree-programme,1,2024-1,Accelerator Physics / Beschleunigerphysik I,Accelerator Physics / Beschleunigerphysik I,,,"Das Seminar findet als Gemeinschaftsveranstaltung der Lehrstühle Experimentelle Physik I und Beschleunigerphysik statt. Die Themen sind stark an Fragestellungen der Dortmunder Elektronenspeicherringanlage DELTA orientiert. Diese Anlage auf dem Campus der Universität Dortmund ist eine lokale Synchrotronstrahlungsquelle mit 1,5 GeV Elektronenenergie. und Strahlungserzeugern im weichen  (Undulator 250, Undulator U55) und harten Röntgengebiet (supraleitender Wiggler).",,en,"",,,01: preparation,,
community/uni-bonn/advanced-accelerator-physics,/g/academic-teaching/academic-teaching-event/lecture,community/uni-bonn,/g/academic-teaching/academic-study-programme/master-degree-programme,4,2024-2,Advanced Accelerator Physics,Advanced Accelerator Physics,,,,,de,"",,,01: preparation,,
community/uni-bonn/advanced-accelerator-physics,/g/academic-teaching/academic-teaching-event/lecture-exercise,community/uni-bonn,/g/academic-teaching/academic-study-programme/master-degree-programme,1,2024-2,Advanced Accelerator Physics,Advanced Accelerator Physics,,,,,de,"",,,01: preparation,,
community/uni-frankfurt/beschleuniger-seminar,/g/academic-teaching/academic-teaching-event/proseminar,community/uni-frankfurt,/g/academic-teaching/academic-study-programme/master-degree-programme,2,2024-1,Beschleuniger-Seminar,Beschleuniger-Seminar,,,,,de,"",https://qis.server.uni-frankfurt.de/qisserver/rds?state=verpublish&status=init&vmfile=no&publishid=395716&moduleCall=webInfo&publishConfFile=webInfo&publishSubDir=veranstaltung,,01: preparation,,
"community/uni-frankfurt/aktuelle-probleme-der-beschleuniger-,-astro--und-plasmaphysik",/g/academic-teaching/academic-teaching-event/block,community/uni-frankfurt,"/g/academic-teaching/academic-study-programme/master-degree-programme,/g/academic-teaching/academic-study-programme/bachelor-degree-programme",2,2024-1,"Aktuelle Probleme der Beschleuniger-, Astro- und Plasmaphysik","Aktuelle Probleme der Beschleuniger-, Astro- und Plasmaphysik",,,,,de,"",https://qis.server.uni-frankfurt.de/qisserver/rds?state=verpublish&status=init&vmfile=no&publishid=395716&moduleCall=webInfo&publishConfFile=webInfo&publishSubDir=veranstaltung,,01: preparation,,
community/uni-frankfurt/einfuehrung-in-die-beschleunigerphysik-mit-exkursion-,/g/academic-teaching/academic-teaching-event/lecture,community/uni-frankfurt,"/g/academic-teaching/academic-study-programme/master-degree-programme,/g/academic-teaching/academic-study-programme/bachelor-degree-programme",2,2024-1,Einführung in die Beschleunigerphysik mit Exkursion ,Einführung in die Beschleunigerphysik mit Exkursion ,"Grundlagen der Beschleunigerphysik, Linear- und Kreisbeschleuniger Teilchendynamik, periodische Systeme, Hochfrequenzstrukturen, RFQ-Beschleuniger; Anwendungen von Beschleunigern; Synchrotronstrahlung; neue Entwicklungen",,,,de,"",https://qis.server.uni-frankfurt.de/qisserver/rds?state=verpublish&status=init&vmfile=no&publishid=384065&moduleCall=webInfo&publishConfFile=webInfo&publishSubDir=veranstaltung,,01: preparation,,
"community/uni-frankfurt/einfuehrung-in-die-beschleunigerphysik,-uebungen-zur-vorlesung-",/g/academic-teaching/academic-teaching-event/lecture-exercise,community/uni-frankfurt,"/g/academic-teaching/academic-study-programme/master-degree-programme,/g/academic-teaching/academic-study-programme/bachelor-degree-programme",1,2024-1,"Einführung in die Beschleunigerphysik, Übungen zur Vorlesung ","Einführung in die Beschleunigerphysik, Übungen zur Vorlesung ",,,,,de,"",https://qis.server.uni-frankfurt.de/qisserver/rds?state=verpublish&status=init&vmfile=no&publishid=384067&moduleCall=webInfo&publishConfFile=webInfo&publishSubDir=veranstaltung,,01: preparation,,
community/uni-frankfurt/high-intensity-accelerators-and-their-applications,/g/academic-teaching/academic-teaching-event/lecture,community/uni-frankfurt,"/g/academic-teaching/academic-study-programme/master-degree-programme,/g/academic-teaching/academic-study-programme/bachelor-degree-programme",2,2024-1,High Intensity Accelerators and their Applications,High Intensity Accelerators and their Applications,,,,,de,"",https://qis.server.uni-frankfurt.de/qisserver/rds?state=verpublish&status=init&vmfile=no&publishid=384082&moduleCall=webInfo&publishConfFile=webInfo&publishSubDir=veranstaltung,,01: preparation,,
"community/uni-frankfurt/high-intensity-accelerators-and-their-applications,-uebungen-zur-vorlesung",/g/academic-teaching/academic-teaching-event/lecture-exercise,community/uni-frankfurt,"/g/academic-teaching/academic-study-programme/master-degree-programme,/g/academic-teaching/academic-study-programme/bachelor-degree-programme",1,2024-1,"High Intensity Accelerators and their Applications, Übungen zur Vorlesung","High Intensity Accelerators and their Applications, Übungen zur Vorlesung",,,,,de,"",https://qis.server.uni-frankfurt.de/qisserver/rds?state=verpublish&status=init&vmfile=no&publishid=384082&moduleCall=webInfo&publishConfFile=webInfo&publishSubDir=veranstaltung,,01: preparation,,
community/uni-frankfurt/hochleistungsbeschleuniger-und-deren-anwendungen,/g/academic-teaching/academic-teaching-event/proseminar,community/uni-frankfurt,/g/academic-teaching/academic-study-programme/master-degree-programme,2,2024-2,Hochleistungsbeschleuniger und deren Anwendungen,Hochleistungsbeschleuniger und deren Anwendungen,,,,,de,"",https://qis.server.uni-frankfurt.de/qisserver/rds?state=verpublish&status=init&vmfile=no&publishid=375814&moduleCall=webInfo&publishConfFile=webInfo&publishSubDir=veranstaltung,,01: preparation,,
community/uni-frankfurt/laseranwendungen-in-teilchenbeschleunigern,/g/academic-teaching/academic-teaching-event/lecture,community/uni-frankfurt,"/g/academic-teaching/academic-study-programme/master-degree-programme,/g/academic-teaching/academic-study-programme/bachelor-degree-programme",2,2024-1,Laseranwendungen in Teilchenbeschleunigern,Laseranwendungen in Teilchenbeschleunigern,,,,,de,"",https://qis.server.uni-frankfurt.de/qisserver/rds?state=verpublish&status=init&vmfile=no&publishid=384085&moduleCall=webInfo&publishConfFile=webInfo&publishSubDir=veranstaltung,,01: preparation,,
community/uni-frankfurt/linearbeschleuniger,/g/academic-teaching/academic-teaching-event/lecture,community/uni-frankfurt,"/g/academic-teaching/academic-study-programme/master-degree-programme,/g/academic-teaching/academic-study-programme/bachelor-degree-programme",2,2024-2,Linearbeschleuniger,Linearbeschleuniger,,,,,de,"",https://qis.server.uni-frankfurt.de/qisserver/rds?state=verpublish&status=init&vmfile=no&publishid=375842&moduleCall=webInfo&publishConfFile=webInfo&publishSubDir=veranstaltung,,01: preparation,,
"community/uni-frankfurt/linearbeschleuniger,-uebungen-zur-vorlesung",/g/academic-teaching/academic-teaching-event/lecture-exercise,community/uni-frankfurt,"/g/academic-teaching/academic-study-programme/master-degree-programme,/g/academic-teaching/academic-study-programme/bachelor-degree-programme",1,2024-2,"Linearbeschleuniger, Übungen zur Vorlesung","Linearbeschleuniger, Übungen zur Vorlesung",,,,,de,"",https://qis.server.uni-frankfurt.de/qisserver/rds?state=verpublish&status=init&vmfile=no&publishid=375841&moduleCall=webInfo&publishConfFile=webInfo&publishSubDir=veranstaltung,,01: preparation,,
community/uni-frankfurt/ringbeschleuniger-und-speicherringe,/g/academic-teaching/academic-teaching-event/lecture,community/uni-frankfurt,"/g/academic-teaching/academic-study-programme/master-degree-programme,/g/academic-teaching/academic-study-programme/bachelor-degree-programme",2,2024-2,Ringbeschleuniger und Speicherringe,Ringbeschleuniger und Speicherringe,,,,,de,"",https://qis.server.uni-frankfurt.de/qisserver/rds?state=verpublish&status=init&vmfile=no&publishid=375847&moduleCall=webInfo&publishConfFile=webInfo&publishSubDir=veranstaltung,,01: preparation,,
"community/uni-frankfurt/ringbeschleuniger-und-speicherringe,-uebungen-zur-vorlesung-",/g/academic-teaching/academic-teaching-event/lecture-exercise,community/uni-frankfurt,"/g/academic-teaching/academic-study-programme/master-degree-programme,/g/academic-teaching/academic-study-programme/bachelor-degree-programme",1,2024-2,"Ringbeschleuniger und Speicherringe, Übungen zur Vorlesung ","Ringbeschleuniger und Speicherringe, Übungen zur Vorlesung ",,,,,de,"",https://qis.server.uni-frankfurt.de/qisserver/rds?state=verpublish&status=init&vmfile=no&publishid=375846&moduleCall=webInfo&publishConfFile=webInfo&publishSubDir=veranstaltung,,01: preparation,,
community/uni-frankfurt/vakuumphysik-2!-vakuumphysik-an-beschleunigern,/g/academic-teaching/academic-teaching-event/lecture,community/uni-frankfurt,"/g/academic-teaching/academic-study-programme/master-degree-programme,/g/academic-teaching/academic-study-programme/bachelor-degree-programme",2,2024-1,Vakuumphysik 2: Vakuumphysik an Beschleunigern,Vakuumphysik 2: Vakuumphysik an Beschleunigern,,,,,de,"",https://qis.server.uni-frankfurt.de/qisserver/rds?state=verpublish&status=init&vmfile=no&publishid=384079&moduleCall=webInfo&publishConfFile=webInfo&publishSubDir=veranstaltung,,01: preparation,,
community/uni-hamburg/accelerator-physics-i,/g/academic-teaching/academic-teaching-event/lecture,community/uni-hamburg,/g/academic-teaching/academic-study-programme/master-degree-programme,2,2024-1,Accelerator Physics I,Accelerator Physics I,"Studierende kennen die Grundlagen der Beschleunigerphysik und sind in der Lage, eine einfache Beschleunigeranlage in ihren Grundelementen selbst zu konzipieren und ihre Schlüsselparameter zu berechnen. Im Einzelnen: • Verständnis des Funktionsprinzips verschiedener Arten von Teilchenbeschleunigern • Konzeption und Auslegung einfacher magnetoptischer Systeme • Grundkenntnisse der Hochfrequenztechnik und -technologie an Teilchenbeschleunigern • Kenntnisse der linearen Strahldynamik in Teilchenbeschleunigern und deren Anwendung",,"Überblick über Beschleunigertypen: elektrostatische Beschleuniger und Induktionsbeschleuniger, DTL, RFQ, Alvarez, Linac, Zyklotron, Synchrotron, Mikrotron • Bauelemente von Beschleunigern: Teilchenquellen, Hochfrequenzsysteme und Beschleunigungsresonatoren, Magnete, Vakuumsysteme • Lineare Strahloptik: Bewegungsgleichungen, Matrixformalismus, Strahlparameter, Phasenraumdarstellung • Kreisbeschleuniger: periodische Magnetstrukturen, transversale und longitudinale Strahldynamik • Besichtigung von Beschleunigern auf dem DESY-Gelände (z.B. FLASH, PETRA III, HER",,en,"","https://www.stine.uni-hamburg.de/scripts/mgrqispi.dll?APPNAME=CampusNet&PRGNAME=COURSEDETAILS&ARGUMENTS=-N000000000000001,-N000605,-N0,-N390724154257520,-N390724154274521,-N0,-N0,-N3,-AcYc9PNmIef55euVwcuodrMcdVIRJrDPfeUWkPzHwvIlNmgWo7fAIcZcdWuRURMHNczWvczmJHzVdCYZAQNmTPURafjFwVMHFrqKxP-WA4UeFejcAHSD64SAfPNoDvqRQfM763WRkPYRtxgph7YmvmzGQRUmQQN56PfL8fNFFHfR9vDW57f2jPoLhCWpTmj58v-c-WQmSYgPEHS5urgokWYU0PbZIvumAHdUovSctfZP6HzLjWYadPdot4MACOIUjVuRBxfFwOQmzVgVFYYGxVq5ARzA97qe6mS5BffNjcQmwQzmqmQitf-pHWBHj4umuHuK37gmWWuUyQumaVfBNvUpmmWR34uUpQNZfxZRefUL87ZHgcUmmYWHDrMLPfNAPHZoP3SpbRoWIHZBjxWo-xzHfYoi9WDGUQZHWOzWMOUKjPNVjmfm-7QUTWUmvVUL-ffKl7NRyCWRffIU6Yzm63WmyPMU63SKarqfAvNmhHfUU4Wm6WfwK7YmCRQWjcqw6VY69vUmdfuoo3z5uRuHxvIpgVYZU7fwfcdWaOfoYHYWdcuWxrgLIRg5DxIB6RYHgxu5uYqnFQd6kYzRePdLfVBowmzRkxoLxWdZTxDaNRU5HVS53HjmNHqGsO-pt4Soq7Z5YWNGKcDGFHgpV7qHFvBwF4oUVHBGXvUH0Hz7NVSH0YzKZYoW3VDH5xzZBQUoxvQRp7YlZWSFAWWHBPUR77UBjQDHDVdZ6eq5SHtZMeqBAfdmW3IovQjmWcuLPfq5V",,01: preparation,,
community/uni-hamburg/accelerator-physics-ii,/g/academic-teaching/academic-teaching-event/lecture,community/uni-hamburg,/g/academic-teaching/academic-study-programme/master-degree-programme,4,2024-2,Accelerator Physics II,Accelerator Physics II,"Die Studierenden verstehen die wichtigsten Zusammenhänge bei Planung und Weiterentwicklung von Beschleunigeranlagen. Sie haben tiefere Einblicke in das Design und die Anwendung von modernen Beschleunigern wie zum Beispiel Synchrotronstrahlungsquellen, Hochenergie-Collidern oder Freie- Elektronen-Laser. Sie kennen die wichtigsten, die Strahlqualität und - intensität sowie die erreichbare Luminosität begrenzenden Effekte und Verfahren zur Erzeugung hochintensiver und kohärenter Röntgenstrahlen.",,"'- Synchrotronstrahlung und Strahlungsgleichgewicht - Synchrotronstrahlungsquellen - Raumladungseffekte (direkte Raumladung) - Luminostität und Kollider - Phasenraumkühlung (Stochastisches Kühlen, Elektronenkühlen) - Freie-Elektronen-Laser",,en,"","https://www.stine.uni-hamburg.de/scripts/mgrqispi.dll?APPNAME=CampusNet&PRGNAME=COURSEDETAILS&ARGUMENTS=-N000000000000001,-N000605,-N0,-N388655335332538,-N388655335306539,-N0,-N0,-N3,-AxWU0YfoleMUK3fm6HfZhOdfwRqoFvqy9YMHkmgohvdP5xucjfI5AmYZNYYZFPQfNHMooHQosWdGV4DGTO-RgOMoWVdVtRDwIQuoV4uoEcD5KR-PKOMKPcfKWQdAXHfZ9mMRd3QHtONUavYGkcNLqRMRMWdRevB6WeuUPOSoMfjej3om53uKERj5LvQcd7ZRbfq5MVDoqHkNwQu5pc-UT7D5KxSUzPDLN3BRkxqPMPNLB4MAAeU5CYIBFHDUamBDNxzKZQop5xWfNQSmWYoUwfZDdPoUemz9FcuRf4uH7vom0P-lFQB7dHDDjfDUKVULKQDKxmdZuxu5pPzHXOImyWuetPYKUYD504zLh4WKNYYG93fKofYAwOB5Vmd7ZRu76rqwZVYPBHNo9VMeN7-WvmIWm4IPQYzedmoijCWP-OBP0VqKAmSPe4Upd7NoofdmaejKFcDoTCuANVbZKeULIOdmmxQpL3BPTeZofWBwQ4U5XfdWoQqfAHzZQxgoYWffj7DVZVoD6Pu5UYUL9mfw9mo5gHQRYcQLvvYwbYuedYMo8QSPXVZUqmu5XYgRBPo5X7jfZ7qGQHQWERDAd3QoI4DWZWgRsVjeNPSWXxWHoWSnAHYwHffWlQgUvcvZLVIHvQBo3HZDN3SUAffK54IRtCfe6Pdf9YSAuWD2ZmunZfYAkcD6YPdZorMm6mdwlWZmteYH-WjKFVSl6vI5MRdVZQQiZeMRZ4WL3voLUvDnjmDNAfqwgRq9NON667DD-7MHB",,01: preparation,,
community/uni-hamburg/physik-und-anwendungen-von-laser-plasma-beschleunigern!-von-medizinischer-bildgebung-bis-hochenergiephysik,/g/academic-teaching/academic-teaching-event/lecture,community/uni-hamburg,/g/academic-teaching/academic-study-programme/master-degree-programme,4,2024-2,Physik und Anwendungen von Laser-Plasma-Beschleunigern: Von medizinischer Bildgebung bis Hochenergiephysik,Physik und Anwendungen von Laser-Plasma-Beschleunigern: Von medizinischer Bildgebung bis Hochenergiephysik,"Nach erfolgreichem Absolvieren des Moduls kennen die Studierenden die Grundlagen der sog. Plasma-Wakefield-Beschleunigung, und wissen woher die ultrahohen Feldgradienten kommen und warum die Elektronenbunche so kurz sind. Ihr Wissen kann in folgenden Bereichen angewandt werden: • Synchrotron- und Undulatorstrahlung • Freie-Elektronen-Laser (FEL) • ""table-top"" FELs getrieben von Laser-Plasma-Beschleunigern • medizinische Bildgebung mit laser-basierter Undulatorquellen",,"Neben modernen und wohl etablierten Beschleunigern entsteht ein neues Gebiet in der Beschleunigerphysik: Laser-Plasma-Beschleuniger. Sie basieren auf sog. Hochleistungslasern, die Elektronen in Plasmen von wenigen Zentimetern Länge auf GeV-Energien beschleunigen können. Diese Kompaktheit verspricht neue Anwendungen, von medizinischer Bildgebung über brillante Röntgenquellen, bis hin zur Hochenergiephysik. Wir diskutieren dabei im Detail die zugrundeliegende Physik mit Schwerpunkt auf den brillanten Röntgenquellen, insbesondere die Verknüpfung von Laser- Plasmabeschleunigern und Freien-Elektronen-Lasern.",,de,"","https://www.stine.uni-hamburg.de/scripts/mgrqispi.dll?APPNAME=CampusNet&PRGNAME=COURSEDETAILS&ARGUMENTS=-N000000000000001,-N000605,-N0,-N374105372809971,-N374105372842972,-N0,-N0,-N3,-AVSHEcYlAxfUvHUH5PucZfBKMmUp7RYZo3upMQjPjWq5bcQRV4z6dfBDNVSfdQuPDQz5WVz7wfzKhODKDQfKfQzWqWdGKcIl-cImmcuPJQ-i-WILSVWBZWWLwYIRPONRIWIpbOjljv-LmxDR84oPafBWXcjoDPzwXvU5PcMf6mDGdOfw3WIUNQSHoHIWBV-RI4YRErqKwvYK8VSfZ7UKWWB7-xN5qQuohedZ63uA0RDHgcMpeQjitWZRwPUmAcjAycQVdHkZ9rDG84S79Rq5HxZa6mYGmHqm-mzZt3fALmBRpeY5gfN2Z7f5uYBmDW-LacIRfQDyFOdLTedmPmSmpQUogYu5FcUHlrqwgQqRbxBP3rqwmHzBFYoWMWUmHYBBdmSRBCYBdxZowxDAkVfmWQfLAVzH6RoPNPDUxmUUsfQPsYfoZ3BGXVZUZRqLIYze-mvZ7xjoJfzZKcQLJeMHkfjUjQY99xZH3PQPVeY6K4uRKcMfNQgRCVZn6RNUzefojHWUbfz7-cSRZOSFwHYPJCYGhffmsOZijVWRKrgBZrD5VcDRmYSPIVD6NWuV-HfGbHvZ3xMRQ7Zp37DRSCfeFCWRPcD2-WDmMP-HCVW5ZWZopWqPf7Y6qfIWTeDPM4umCWZUM3B6LRUedxfZdVd7-OMooRDHxVDWjOuW87qHF4gfdeMHDmfGuCWDNvUoKfuKqfzP5QUpbmSmZvULtfuWBHgLtrDy-VoLlRjpbOIRbcoL3OYaAPWU7OgWAf-PXmNRC",,01: preparation,,
community/uni-mainz/beschleunigerphysik,/g/academic-teaching/academic-teaching-event/lecture,community/uni-mainz,/g/academic-teaching/academic-study-programme/master-degree-programme,4,2024-1,Beschleunigerphysik,Beschleunigerphysik,,,,,de,"","https://jogustine.uni-mainz.de/scripts/mgrqispi.dll?APPNAME=CampusNet&PRGNAME=COURSEDETAILS&ARGUMENTS=-N000000000000001,-N000851,-N0,-N389634709608989,-N389634709665990,-N0,-N0,-N3,-A3zmp7dRP7YGyRbZ7eUpsYUltWSaFYzGhcZKlQdWZvz6CPSWbOoPDcummPu5SVzHqYSoteNLyOQLLrqo3rDDNWIR8fd6u7UK0RWU0eWe6efH-3zoDWfZ-RjpjcdWbQMmuCu5tHQmUWDyZmo5XrMHWfge6eQPLmS5svDZSYq7jfqGBWMWY7ZKBVB5k7YFw7ZLEQ-cjOdwkRQeZmDRWRDH54BwvQDUbeMmtYUpQcDW5fQo9cq5tYYB9cZoVmuiwxdWocDmUeq2t7NLbHYZ87D5HxUpYHqL0RzKj7MUP7MRBxWcjVBDAOSWNPBZTOjB-CWHVcWiFOYRP3B5gxMidQMWqWdU3xUVZmB6FRI5BmgmyVZPamqmPf-oM3o7dvMRUPMD-OfU-4YZMYfnwedL-VQ5WmNHT4Yw6vDa9RZKpOZ5pQz5NVgRIWQL3mfRyCQ76Pfww4MmTPBB9cIPbWfZbCfK7VIUYQzW-PIUeR-WWRuL73z99fSLfHYZxvdP6mfHkYfW5rDK3WBPSfgLLRYUSYY7NHIRAPZRZRDHPeq6QmdN6rbZSxDPzcSAwcdmbCQLoWILHfMm0YoKsedodOS5kODZJVd7NRqe6xZPDeDUX3QlFcuLNVWPCYu76mNUPHB5wPWphHfUVxYNZWNRdmzf-eWmlOqPSYfwFYvZQOYA7eQpoPgPFOdH3WZWZfNUVHQpxmSpEcYHpOWWBPjHIvdZX3IomxzG3VfUpVgmzmUREHzAFPYmoPDKUWZPKvWpq4oKAQ-Ut",,01: preparation,,
community/uni-mainz/medizin--und-strahlenphysik,/g/academic-teaching/academic-teaching-event/proseminar,community/uni-mainz,"",2,2024-2,Medizin- und Strahlenphysik,Medizin- und Strahlenphysik,ArbeitsgruppenseminarVorl,,Strahlung und ihre WW mit menschlichem Körper / nuklearmedizinische Therapie:  * Elektromagnetisches Spektrum und Wechselwirkung mit menschlichem Körper * Ionisierende Strahlung * Produktion hochenergetischer geladener Teilchen und von Gamma-Strahlung mit Teilchenbeschleunigern * Wechselwirkung ionisierender Strahlung mit dem menschlichen Körper (normal vs. Tumor) * Messung von Strahlung * Strahlenschutz * Nuklearmedizinische Therapie Diagnostik * Grundlagen (Fourier- und Radon-Transformation) * Röntgendiagnostik * Computertomographie * Magnetresonanztomographie und –spektroskopie * Szintigraphie (SPECT & PET) * Sonographie mit Ultraschall ,,de,"",,,01: preparation,,
community/uni-mainz/spezielle-probleme-der-beschleunigerphysik-,/g/academic-teaching/academic-teaching-event/proseminar,community/uni-mainz,"",2,2024-1,Spezielle Probleme der Beschleunigerphysik ,Spezielle Probleme der Beschleunigerphysik ,Arbeitsgruppenseminar,,,,de,"","https://jogustine.uni-mainz.de/scripts/mgrqispi.dll?APPNAME=CampusNet&PRGNAME=COURSEDETAILS&ARGUMENTS=-N000000000000001,-N000851,-N0,-N387324068138993,-N387324068192994,-N0,-N0,-N3,-AON5smjRYPz6brgpoYSiZYqLaYuApRUKFfMftPMn-YDwYcWplfZHEYWKwcfUVcMLsRjiZPImxmYPjfIpdxUUZ3YPzRBZzWdV6ObZoWzmFYqRvc-RNmdcjQjm9YgLaxZRtmdVdxYHSxNmBfqFtxD5vf-HzvjUFxNoUmgoe3YLkOZPfcIWwxDPBPSoteWH9mqGVYUHE4zw9cdmuRqGAVqGvOQRh4BKBRNRdVj5uOWPMOIo-rUVtWByZHWPCQN7jWqHpOzWbfI5LOo5amBRyxYGmHjRIYzLx7vZDP-mgYMDZvI5L4bZTQzosYUK6Q-WK4B6HcBPBvZoW4QPocjpkxfUAmIpaWqKoVfGDPqK7Pg5-VUWAefHKWDL8vIWdYIRyPSoZfMKS4zmaVzwqfBRF4uPUcuosvopmWjHSWZRCxjPqPIUlfofdWoHNmZKLfBATQBATvqHIebZYWYyAYBGHVzZ-HImMx-LWQMof4fAYODPafS7jHoUvHZRAmfo0xUBjctZN3upIPQPBRumIfIU07WBwvDZgvIHBxSUNeYAgWUH-fDPqQzw63zmdQUmZeuKC7gpzQz2NeUiZxWmfQDRkcdmpfdGdeQUDW-mq4uVAcfoPeUm03oR-xfwoCuWXPDWF4oWIVdFtcZ5krqw8YYnA3IopQomEm-PtRuLSOQHQVqaZPIPS7fNwOoVwYQWXOIHIfd5Ufq5tmSctRNAIWfWuVMRZYIHoQzwJVQ7wcjKeYfWlRMRtRd5IfQHMPNWqxUUNOz6q",,01: preparation,,
community/uni-siegen/beschleunigerphysik-i,/g/academic-teaching/academic-teaching-event/lecture,community/uni-siegen,/g/academic-teaching/academic-study-programme/bachelor-degree-programme,2,2024-2,Beschleunigerphysik I,Accelerator Physics I,,,"Historie und Anwendungen der Beschleuniger
Komponenten der Beschleuniger
Hohlraumresonatoren für Beschleuniger
Magnete, Strahldiagnose, Injektionssysteme
Longitudinale Strahldynamik, Phasenfokussierung
Lineare, transversale Strahldynamik
Transportmatrizen, Twiss Parameter, Strahleigenschaften
Periodische Systeme und Strahlstabilität
Chromatische Effekte
Synchrotronstrahlung und Anwendungen, Strahlungseffekte
Praktikum: Messung/Simulation von Resonatoren, Magneten
Experimente an einem Beschleuniger
Exkursion: Besichtigung mehrerer Beschleuniger",,de,"B.A. Physics,B.Sc. Physics",https://unisono.uni-siegen.de:443/qisserver/pages/startFlow.xhtml?_flowId=detailView-flow&unitId=47598&periodId=1843,https://unisono.uni-siegen.de:443/qisserver/pages/startFlow.xhtml?_flowId=detailView-flow&unitId=47598&periodId=1843,01: preparation,,
community/uni-siegen/einfuehrung-in-die-beschleunigerphysik-ii,/g/academic-teaching/academic-teaching-event/lecture,community/uni-siegen,"/g/academic-teaching/academic-study-programme/master-degree-programme,/g/academic-teaching/academic-study-programme/bachelor-degree-programme",2,2024-1,Einführung in die Beschleunigerphysik II,Introduction to Accelerator Physics II,,,"1. Historie und Anwendungen der Beschleuniger
2. Komponenten der Beschleuniger
3. Hohlraumresonatoren für Beschleuniger
4. Magnete, Strahldiagnose, Injektionssysteme
5. Longitudinale Strahldynamik, Phasenfokussierung
6. Lineare, transversale Strahldynamik
7. Transportmatrizen, Twiss Parameter, Strahleigenschaften
8. Periodische Systeme und Strahlstabilität
9. Chromatische Effekte
10. Synchrotronstrahlung und Anwendungen, Strahlungseffekte
Praktikum: Messung/Simulation von Resonatoren, Magneten
Experimente an einem Beschleuniger
Exkursion: Besichtigung mehrerer Beschleuniger",,de,"B.Sc. Physics,B.A. Physics,M.Sc. Physics,M.Sc. Electrical Engineering,M.Sc. Materials Science and Engineering,M.Sc. Nanoscience and Nanotechnology","https://unisono.uni-siegen.de:443/qisserver/pages/startFlow.xhtml?_flowId=detailView-flow&unitId=41966&periodId=1846&navigationPosition=studiesOffered,searchCourses",https://unisono.uni-siegen.de:443/qisserver/pages/startFlow.xhtml?_flowId=detailView-flow&unitId=41966&periodId=1846,01: preparation,,
community/tu-dortmund/beschleunigerphysik-i-___-uebung,/g/academic-teaching/academic-teaching-event/lecture-exercise,community/tu-dortmund,/g/academic-teaching/academic-study-programme/bachelor-degree-programme,1,"2024-1,2024-2",Beschleunigerphysik I / Übung,Beschleunigerphysik I / Übung,,,,,de,B.Sc. Physics,https://delta.tu-dortmund.de/studium/lehrveranstaltungen/beschleunigerphysik/#/,,01: preparation,,
community/tu-dortmund/beschleunigerphysik-i-___-seminar,/g/academic-teaching/academic-teaching-event/proseminar,community/tu-dortmund,/g/academic-teaching/academic-study-programme/bachelor-degree-programme,1,2024-1,Beschleunigerphysik I / Seminar,Beschleunigerphysik I / Seminar,,,,,de,B.Sc. Physics,https://delta.tu-dortmund.de/studium/lehrveranstaltungen/beschleunigerphysik/#/,,01: preparation,,
community/tu-dortmund/beschleunigerphysik-ii-___-seminar,/g/academic-teaching/academic-teaching-event/hauptseminar,community/tu-dortmund,/g/academic-teaching/academic-study-programme/master-degree-programme,4,2024-2,Beschleunigerphysik II / Seminar,Beschleunigerphysik II / Seminar,,,,,de,"M.Sc. Physics,M.Sc. Medical Physics",https://delta.tu-dortmund.de/studium/lehrveranstaltungen/beschleunigerphysik/#/,,01: preparation,,
community/tu-dortmund/beschleunigerphysik-ii-___-uebung,/g/academic-teaching/academic-teaching-event/lecture-exercise,community/tu-dortmund,/g/academic-teaching/academic-study-programme/master-degree-programme,4,"2024-1,2024-2",Beschleunigerphysik II / Übung,Beschleunigerphysik II / Übung,,,,,de,"M.Sc. Physics,M.Sc. Medical Physics",https://delta.tu-dortmund.de/studium/lehrveranstaltungen/beschleunigerphysik/#/,,01: preparation,,
community/uni-hamburg/uebungen!-physik-und-anwendungen-von-laser-plasma-beschleunigern!-von-medizinischer-bildgebung-bis-hochenergiephysik,/g/academic-teaching/academic-teaching-event/lecture-exercise,community/uni-hamburg,/g/academic-teaching/academic-study-programme/master-degree-programme,2,2024-2,Übungen: Physik und Anwendungen von Laser-Plasma-Beschleunigern: Von medizinischer Bildgebung bis Hochenergiephysik,Übungen: Physik und Anwendungen von Laser-Plasma-Beschleunigern: Von medizinischer Bildgebung bis Hochenergiephysik,"Nach erfolgreichem Absolvieren des Moduls kennen die Studierenden die Grundlagen der sog. Plasma-Wakefield-Beschleunigung, und wissen woher die ultrahohen Feldgradienten kommen und warum die Elektronenbunche so kurz sind. Ihr Wissen kann in folgenden Bereichen angewandt werden: • Synchrotron- und Undulatorstrahlung • Freie-Elektronen-Laser (FEL) • ""table-top"" FELs getrieben von Laser-Plasma-Beschleunigern • medizinische Bildgebung mit laser-basierter Undulatorquellen",,"Neben modernen und wohl etablierten Beschleunigern entsteht ein neues Gebiet in der Beschleunigerphysik: Laser-Plasma-Beschleuniger. Sie basieren auf sog. Hochleistungslasern, die Elektronen in Plasmen von wenigen Zentimetern Länge auf GeV-Energien beschleunigen können. Diese Kompaktheit verspricht neue Anwendungen, von medizinischer Bildgebung über brillante Röntgenquellen, bis hin zur Hochenergiephysik. Wir diskutieren dabei im Detail die zugrundeliegende Physik mit Schwerpunkt auf den brillanten Röntgenquellen, insbesondere die Verknüpfung von Laser- Plasmabeschleunigern und Freien-Elektronen-Lasern.",,de,"","https://www.stine.uni-hamburg.de/scripts/mgrqispi.dll?APPNAME=CampusNet&PRGNAME=COURSEDETAILS&ARGUMENTS=-N000000000000001,-N000605,-N0,-N388655335370544,-N388655335323545,-N0,-N0,-N3,-AWQWkxzWzcuWgQNAu7ZpSvYwJRqZ-PYcFVoLBWMHMVqoVvooZQ-RIHuPteYLpv-m9fDadmBNwPfZMOQPBHf6lOfAyVqotQZP5rqG8mSPMcd6TVjA5mDDFegm7mdRUxzo-foKZYzGhvB6LHNG9VqHyHDPYPNo9edwV7fmmHuKovWmWYYPUVdm6RfWCvjlFxdl9fdW6VNZeWNwhQ-7wQMn-7NodRjUXvZPgYgV6vdwJmd5DvByjYkNFeQRdOBAfc-peYIVFQQfFO-muOBGscYZS7Z5tvSUEYzAIxUHwvBLyQdWX4gH7OqBjODy6fgRk7-WdfQp3PZKCPgpl7DAAOfADW-LxWMRVWYGlRMpIQZpNRSn6eUKtxZptWUfFmdHIHSKfeY5lQq5s4gUWOupF3WmfcBLLcNnjm-UHcfV6PjUYVdNjcjU7CWUafdG6vBmEYQPmQqAVPBw6HgPFVM5h4IHXvDK9QQpovYZWHYwsVQRWQSWQWYFwvBLkWBnZPdRweDmA4ooSvB5BvqW0vDGDHIWvHZoHP-UhWYDNvZL74DA74MntmqGDfUe9vfGHYzctfWKZQzmh3BHmmgPBRkZymIPkc-P6cuW5fW5vYq5pVUUhPjDFYUUtfqHQRQn6vWooV-mfcYLUPI5JHImXPgHDRSomVjBt7gLt3vZWfoKYHfWtfjKDVQooefAXvBLlPZPfmofweQRkvYoHOfm-PzRS3SKweN6I7qRFcS5krMHEVfo3WfGYWULy4fKI4kZmHQmXQu5v",,01: preparation,,
community/uni-hamburg/promsenimar!-physik-und-anwendungen-von-laser-plasma-beschleunigern!-von-medizinischer-bildgebung-bis-hochenergiephysik,/g/academic-teaching/academic-teaching-event/proseminar,community/uni-hamburg,/g/academic-teaching/academic-study-programme/master-degree-programme,2,2024-2,Promsenimar: Physik und Anwendungen von Laser-Plasma-Beschleunigern: Von medizinischer Bildgebung bis Hochenergiephysik,Promsenimar: Physik und Anwendungen von Laser-Plasma-Beschleunigern: Von medizinischer Bildgebung bis Hochenergiephysik,"Nach erfolgreichem Absolvieren des Moduls kennen die Studierenden die Grundlagen der sog. Plasma-Wakefield-Beschleunigung, und wissen woher die ultrahohen Feldgradienten kommen und warum die Elektronenbunche so kurz sind. Ihr Wissen kann in folgenden Bereichen angewandt werden: • Synchrotron- und Undulatorstrahlung • Freie-Elektronen-Laser (FEL) • ""table-top"" FELs getrieben von Laser-Plasma-Beschleunigern • medizinische Bildgebung mit laser-basierter Undulatorquellen",,"Neben modernen und wohl etablierten Beschleunigern entsteht ein neues Gebiet in der Beschleunigerphysik: Laser-Plasma-Beschleuniger. Sie basieren auf sog. Hochleistungslasern, die Elektronen in Plasmen von wenigen Zentimetern Länge auf GeV-Energien beschleunigen können. Diese Kompaktheit verspricht neue Anwendungen, von medizinischer Bildgebung über brillante Röntgenquellen, bis hin zur Hochenergiephysik. Wir diskutieren dabei im Detail die zugrundeliegende Physik mit Schwerpunkt auf den brillanten Röntgenquellen, insbesondere die Verknüpfung von Laser- Plasmabeschleunigern und Freien-Elektronen-Lasern.",,de,"","https://www.stine.uni-hamburg.de/scripts/mgrqispi.dll?APPNAME=CampusNet&PRGNAME=COURSEDETAILS&ARGUMENTS=-N000000000000001,-N000605,-N0,-N388764721788519,-N388764721729520,-N0,-N0,-N3,-AWQWkxzWzcuWgQNAu7ZpSvYwJRqZ-PYcFVoLBWMHMVqoVvooZQ-RIHuPteYLpv-m9fDadmBNwPfZMOQPBHf6lOfAyVqotQZP5rqG8mSPMcd6TVjA5mDDFegm7mdRUxzo-foKZYzGhvB6LHNG9VqHyHDPYPNo9edwV7fmmHuKovWmWYYPUVdm6RfWCvjlFxdl9fdW6VNZeWNwhQ-7wQMn-7NodRjUXvZPgYgV6vdwJmd5DvByjYkNFeQRdOBAfc-peYIVFQQfFO-muOBGscYZS7Z5tvSUEYzAIxUHwvBLyQdWX4gH7OqBjODy6fgRk7-WdfQp3PZKCPgpl7DAAOfADW-LxWMRVWYGlRMpIQZpNRSn6eUKtxZptWUfFmdHIHSKfeY5lQq5s4gUWOupF3WmfcBLLcNnjm-UHcfV6PjUYVdNjcjU7CWUafdG6vBmEYQPmQqAVPBw6HgPFVM5h4IHXvDK9QQpovYZWHYwsVQRWQSWQWYFwvBLkWBnZPdRweDmA4ooSvB5BvqW0vDGDHIWvHZoHP-UhWYDNvZL74DA74MntmqGDfUe9vfGHYzctfWKZQzmh3BHmmgPBRkZymIPkc-P6cuW5fW5vYq5pVUUhPjDFYUUtfqHQRQn6vWooV-mfcYLUPI5JHImXPgHDRSomVjBt7gLt3vZWfoKYHfWtfjKDVQooefAXvBLlPZPfmofweQRkvYoHOfm-PzRS3SKweN6I7qRFcS5krMHEVfo3WfGYWULy4fKI4kZmHQmXQu5v",,01: preparation,,
community/uni-hamburg/computer-exercises!-accelerator-physics-i,/g/academic-teaching/academic-teaching-event/lecture-exercise,community/uni-hamburg,/g/academic-teaching/academic-study-programme/master-degree-programme,2,2024-1,Computer exercises: Accelerator Physics I,Computer exercises: Accelerator Physics I,,,,,en,"","https://www.stine.uni-hamburg.de/scripts/mgrqispi.dll?APPNAME=CampusNet&PRGNAME=COURSEDETAILS&ARGUMENTS=-N000000000000001,-N000605,-N0,-N390724154294517,-N390724154265518,-N0,-N0,-N3,-AcYc9PNmIef55euVwcuodrMcdVIRJrDPfeUWkPzHwvIlNmgWo7fAIcZcdWuRURMHNczWvczmJHzVdCYZAQNmTPURafjFwVMHFrqKxP-WA4UeFejcAHSD64SAfPNoDvqRQfM763WRkPYRtxgph7YmvmzGQRUmQQN56PfL8fNFFHfR9vDW57f2jPoLhCWpTmj58v-c-WQmSYgPEHS5urgokWYU0PbZIvumAHdUovSctfZP6HzLjWYadPdot4MACOIUjVuRBxfFwOQmzVgVFYYGxVq5ARzA97qe6mS5BffNjcQmwQzmqmQitf-pHWBHj4umuHuK37gmWWuUyQumaVfBNvUpmmWR34uUpQNZfxZRefUL87ZHgcUmmYWHDrMLPfNAPHZoP3SpbRoWIHZBjxWo-xzHfYoi9WDGUQZHWOzWMOUKjPNVjmfm-7QUTWUmvVUL-ffKl7NRyCWRffIU6Yzm63WmyPMU63SKarqfAvNmhHfUU4Wm6WfwK7YmCRQWjcqw6VY69vUmdfuoo3z5uRuHxvIpgVYZU7fwfcdWaOfoYHYWdcuWxrgLIRg5DxIB6RYHgxu5uYqnFQd6kYzRePdLfVBowmzRkxoLxWdZTxDaNRU5HVS53HjmNHqGsO-pt4Soq7Z5YWNGKcDGFHgpV7qHFvBwF4oUVHBGXvUH0Hz7NVSH0YzKZYoW3VDH5xzZBQUoxvQRp7YlZWSFAWWHBPUR77UBjQDHDVdZ6eq5SHtZMeqBAfdmW3IovQjmWcuLPfq5V",,01: preparation,,
community/uni-hamburg/theorie-und-praxis-moderner-beschleuniger,/g/academic-teaching/academic-teaching-event/proseminar,community/uni-hamburg,/g/academic-teaching/academic-study-programme/master-degree-programme,2,2024-1,Theorie und Praxis moderner Beschleuniger,Proseminar: Theorie und Praxis moderner Beschleuniger,,,,,en,"","https://www.stine.uni-hamburg.de/scripts/mgrqispi.dll?APPNAME=CampusNet&PRGNAME=COURSEDETAILS&ARGUMENTS=-N000000000000001,-N000605,-N0,-N390726288408699,-N390726288464700,-N0,-N0,-N3,-AcYc9PNmIef55euVwcuodrMcdVIRJrDPfeUWkPzHwvIlNmgWo7fAIcZcdWuRURMHNczWvczmJHzVdCYZAQNmTPURafjFwVMHFrqKxP-WA4UeFejcAHSD64SAfPNoDvqRQfM763WRkPYRtxgph7YmvmzGQRUmQQN56PfL8fNFFHfR9vDW57f2jPoLhCWpTmj58v-c-WQmSYgPEHS5urgokWYU0PbZIvumAHdUovSctfZP6HzLjWYadPdot4MACOIUjVuRBxfFwOQmzVgVFYYGxVq5ARzA97qe6mS5BffNjcQmwQzmqmQitf-pHWBHj4umuHuK37gmWWuUyQumaVfBNvUpmmWR34uUpQNZfxZRefUL87ZHgcUmmYWHDrMLPfNAPHZoP3SpbRoWIHZBjxWo-xzHfYoi9WDGUQZHWOzWMOUKjPNVjmfm-7QUTWUmvVUL-ffKl7NRyCWRffIU6Yzm63WmyPMU63SKarqfAvNmhHfUU4Wm6WfwK7YmCRQWjcqw6VY69vUmdfuoo3z5uRuHxvIpgVYZU7fwfcdWaOfoYHYWdcuWxrgLIRg5DxIB6RYHgxu5uYqnFQd6kYzRePdLfVBowmzRkxoLxWdZTxDaNRU5HVS53HjmNHqGsO-pt4Soq7Z5YWNGKcDGFHgpV7qHFvBwF4oUVHBGXvUH0Hz7NVSH0YzKZYoW3VDH5xzZBQUoxvQRp7YlZWSFAWWHBPUR77UBjQDHDVdZ6eq5SHtZMeqBAfdmW3IovQjmWcuLPfq5V",,01: preparation,,
community/uni-hamburg/computer-exercises!-accelerator-physics-ii,/g/academic-teaching/academic-teaching-event/lecture-exercise,community/uni-hamburg,/g/academic-teaching/academic-study-programme/master-degree-programme,2,2024-2,Computer exercises: Accelerator Physics II,Computer exercises: Accelerator Physics II,,,,,en,"","https://www.stine.uni-hamburg.de/scripts/mgrqispi.dll?APPNAME=CampusNet&PRGNAME=COURSEDETAILS&ARGUMENTS=-N000000000000001,-N000605,-N0,-N388655335332538,-N388655335306539,-N0,-N0,-N3,-AxWU0YfoleMUK3fm6HfZhOdfwRqoFvqy9YMHkmgohvdP5xucjfI5AmYZNYYZFPQfNHMooHQosWdGV4DGTO-RgOMoWVdVtRDwIQuoV4uoEcD5KR-PKOMKPcfKWQdAXHfZ9mMRd3QHtONUavYGkcNLqRMRMWdRevB6WeuUPOSoMfjej3om53uKERj5LvQcd7ZRbfq5MVDoqHkNwQu5pc-UT7D5KxSUzPDLN3BRkxqPMPNLB4MAAeU5CYIBFHDUamBDNxzKZQop5xWfNQSmWYoUwfZDdPoUemz9FcuRf4uH7vom0P-lFQB7dHDDjfDUKVULKQDKxmdZuxu5pPzHXOImyWuetPYKUYD504zLh4WKNYYG93fKofYAwOB5Vmd7ZRu76rqwZVYPBHNo9VMeN7-WvmIWm4IPQYzedmoijCWP-OBP0VqKAmSPe4Upd7NoofdmaejKFcDoTCuANVbZKeULIOdmmxQpL3BPTeZofWBwQ4U5XfdWoQqfAHzZQxgoYWffj7DVZVoD6Pu5UYUL9mfw9mo5gHQRYcQLvvYwbYuedYMo8QSPXVZUqmu5XYgRBPo5X7jfZ7qGQHQWERDAd3QoI4DWZWgRsVjeNPSWXxWHoWSnAHYwHffWlQgUvcvZLVIHvQBo3HZDN3SUAffK54IRtCfe6Pdf9YSAuWD2ZmunZfYAkcD6YPdZorMm6mdwlWZmteYH-WjKFVSl6vI5MRdVZQQiZeMRZ4WL3voLUvDnjmDNAfqwgRq9NON667DD-7MHB",,01: preparation,,
community/uni-hamburg/exkursion!-accelerator-physics-ii,/g/academic-teaching/academic-teaching-event/lecture-exercise,community/uni-hamburg,/g/academic-teaching/academic-study-programme/master-degree-programme,2,2024-2,Exkursion: Accelerator Physics II,Exkursion: Accelerator Physics II,,,,,en,"","https://www.stine.uni-hamburg.de/scripts/mgrqispi.dll?APPNAME=CampusNet&PRGNAME=COURSEDETAILS&ARGUMENTS=-N000000000000001,-N000605,-N0,-N388655335316532,-N388655335354533,-N0,-N0,-N3,-AxWU0YfoleMUK3fm6HfZhOdfwRqoFvqy9YMHkmgohvdP5xucjfI5AmYZNYYZFPQfNHMooHQosWdGV4DGTO-RgOMoWVdVtRDwIQuoV4uoEcD5KR-PKOMKPcfKWQdAXHfZ9mMRd3QHtONUavYGkcNLqRMRMWdRevB6WeuUPOSoMfjej3om53uKERj5LvQcd7ZRbfq5MVDoqHkNwQu5pc-UT7D5KxSUzPDLN3BRkxqPMPNLB4MAAeU5CYIBFHDUamBDNxzKZQop5xWfNQSmWYoUwfZDdPoUemz9FcuRf4uH7vom0P-lFQB7dHDDjfDUKVULKQDKxmdZuxu5pPzHXOImyWuetPYKUYD504zLh4WKNYYG93fKofYAwOB5Vmd7ZRu76rqwZVYPBHNo9VMeN7-WvmIWm4IPQYzedmoijCWP-OBP0VqKAmSPe4Upd7NoofdmaejKFcDoTCuANVbZKeULIOdmmxQpL3BPTeZofWBwQ4U5XfdWoQqfAHzZQxgoYWffj7DVZVoD6Pu5UYUL9mfw9mo5gHQRYcQLvvYwbYuedYMo8QSPXVZUqmu5XYgRBPo5X7jfZ7qGQHQWERDAd3QoI4DWZWgRsVjeNPSWXxWHoWSnAHYwHffWlQgUvcvZLVIHvQBo3HZDN3SUAffK54IRtCfe6Pdf9YSAuWD2ZmunZfYAkcD6YPdZorMm6mdwlWZmteYH-WjKFVSl6vI5MRdVZQQiZeMRZ4WL3voLUvDnjmDNAfqwgRq9NON667DD-7MHB",,01: preparation,,
community/uni-siegen/beschleunigerphysik-i-(uebungen),/g/academic-teaching/academic-teaching-event/lecture-exercise,community/uni-siegen,/g/academic-teaching/academic-study-programme/bachelor-degree-programme,2,2024-2,Beschleunigerphysik I (Übungen),Accelerator Physics I (Exercise),,,,,de,"",https://unisono.uni-siegen.de:443/qisserver/pages/startFlow.xhtml?_flowId=detailView-flow&unitId=73041&periodId=1843,https://unisono.uni-siegen.de/qisserver/pages/startFlow.xhtml?_flowId=detailView-flow&_flowExecutionKey=e13s2,01: preparation,,
community/kit/beschleunigerphysik-(tutorium),/g/academic-teaching/academic-teaching-event/lecture-exercise,community/kit,/g/academic-teaching/academic-study-programme/master-degree-programme,2,2024-1,Beschleunigerphysik (Tutorium),Beschleunigerphysik (Tutorial),,,,,en,"",https://campus.studium.kit.edu/ev/1YSKJC0AT0WjyfwLTcXyVg/de,,01: preparation,,
community/tu-darmstadt/projektoberseminar-beschleunigertechnik,/g/academic-teaching/academic-teaching-event/proseminar,community/tu-darmstadt,/g/academic-teaching/academic-study-programme/master-degree-programme,4,2024-2,Projektoberseminar Beschleunigertechnik,Projektoberseminar Beschleunigertechnik,,,"Bearbeitung eines komplexeren Projekts aus dem Bereich der Beschleunigertechnik. Je nach Problemstellung sind messtechnische, analytische und Simulations-Aspekte enthalten.",,de,"","https://www.tucan.tu-darmstadt.de/scripts/mgrqispi.dll?APPNAME=CampusNet&PRGNAME=COURSEDETAILS&ARGUMENTS=-N000000000000001,-N000335,-N0,-N373084168651854,-N373084168665855,-N0,-N0,-N3,-ArgoNxvNAOBUS4z6fQYU0vflAYzLvHdRjOz5-3kNjQDA-YzUBcf6IRuo-P-5-CWWdOfRMYIRECWH-Rj7NVqRa7dG0CuRUHfPKmYAKrMiNxgUv7YFFVMHZVoidmofjWjUlcIpSPUit7jpXQfAVvgp8fjR8O-HKvDWv7QobczRa4IRb7MoHvqPkeZoqcqR3mYWUcYP0fvZ7voKpfUP6YuAh4Mm8xoUvRfwjHuRIVz7-QZmBCWRkVSPzfZHl4WP-4zejRgej7NAlHIopODRNmYHwOUH0PWLjfSAgmDPEfSPEczAuvYoXHzmNP-HTWdH5QMLQmSnAWNGhQf50HDAzOZUw7DlZcDLKHq6keDHgOzLhOUftYQHZYQiFmzHZeDfFHoUYOYUMWNWXQfKoHDc-YBW0xZovPtZWQjKKOQLAfq5TvfH5HYPFQNVwPQ58Vqf6cMUD3WHWVdWNvtZq7-U-vj5PWfU6xopxYSU-YM7NRQpY7ZPVVfPWPZKeHWoBWo5xRu7tOg5vxDGbxglwOWHt4UWMP-oDmMoHRuateq5l4uWemSPUvBy9WQWNvu5oVUU-xZRIrq26YQRUHIWvONmxeDmaOSUVfSUh3BGPYSHFcB2wVWp8WzUbRuFAOZpecg5yHYozfgUe4gmqYfwHQdRPCWRZVoRBPdol4fKAWuWBmSmpcZLoRqcwRZmE4DouvYDFHglAxq68HqRIYgmC7QmxWgLkOYAyxuAbeqRhV-pXxNWJOULfRbZVVuAmWNNjcWUE7NGu",,01: preparation,,
community/tu-darmstadt/projektseminar-beschleunigertechnik,/g/academic-teaching/academic-teaching-event/proseminar,community/tu-darmstadt,/g/academic-teaching/academic-study-programme/bachelor-degree-programme,4,2024-1,Projektseminar Beschleunigertechnik,Projektseminar Beschleunigertechnik,,,"Bearbeitung eines komplexeren Projekts aus dem Bereich der Beschleunigertechnik. Je nach Problemstellung sind messtechnische, analytische und Simulations-Aspekte enthalten.",,de,"","https://www.tucan.tu-darmstadt.de/scripts/mgrqispi.dll?APPNAME=CampusNet&PRGNAME=COURSEDETAILS&ARGUMENTS=-N000000000000001,-N000335,-N0,-N373084168651854,-N373084168665855,-N0,-N0,-N3,-ArgoNxvNAOBUS4z6fQYU0vflAYzLvHdRjOz5-3kNjQDA-YzUBcf6IRuo-P-5-CWWdOfRMYIRECWH-Rj7NVqRa7dG0CuRUHfPKmYAKrMiNxgUv7YFFVMHZVoidmofjWjUlcIpSPUit7jpXQfAVvgp8fjR8O-HKvDWv7QobczRa4IRb7MoHvqPkeZoqcqR3mYWUcYP0fvZ7voKpfUP6YuAh4Mm8xoUvRfwjHuRIVz7-QZmBCWRkVSPzfZHl4WP-4zejRgej7NAlHIopODRNmYHwOUH0PWLjfSAgmDPEfSPEczAuvYoXHzmNP-HTWdH5QMLQmSnAWNGhQf50HDAzOZUw7DlZcDLKHq6keDHgOzLhOUftYQHZYQiFmzHZeDfFHoUYOYUMWNWXQfKoHDc-YBW0xZovPtZWQjKKOQLAfq5TvfH5HYPFQNVwPQ58Vqf6cMUD3WHWVdWNvtZq7-U-vj5PWfU6xopxYSU-YM7NRQpY7ZPVVfPWPZKeHWoBWo5xRu7tOg5vxDGbxglwOWHt4UWMP-oDmMoHRuateq5l4uWemSPUvBy9WQWNvu5oVUU-xZRIrq26YQRUHIWvONmxeDmaOSUVfSUh3BGPYSHFcB2wVWp8WzUbRuFAOZpecg5yHYozfgUe4gmqYfwHQdRPCWRZVoRBPdol4fKAWuWBmSmpcZLoRqcwRZmE4DouvYDFHglAxq68HqRIYgmC7QmxWgLkOYAyxuAbeqRhV-pXxNWJOULfRbZVVuAmWNNjcWUE7NGu",,01: preparation,,
community/tu-darmstadt/projektseminar-beschleunigertechnik,/g/academic-teaching/academic-teaching-event/proseminar,community/tu-darmstadt,/g/academic-teaching/academic-study-programme/bachelor-degree-programme,4,2024-2,Projektseminar Beschleunigertechnik,Projektseminar Beschleunigertechnik,,,"Bearbeitung eines komplexeren Projekts aus dem Bereich der Beschleunigertechnik. Je nach Problemstellung sind messtechnische, analytische und Simulations-Aspekte enthalten.",,de,"","https://www.tucan.tu-darmstadt.de/scripts/mgrqispi.dll?APPNAME=CampusNet&PRGNAME=COURSEDETAILS&ARGUMENTS=-N000000000000001,-N000335,-N0,-N373084168651854,-N373084168665855,-N0,-N0,-N3,-ArgoNxvNAOBUS4z6fQYU0vflAYzLvHdRjOz5-3kNjQDA-YzUBcf6IRuo-P-5-CWWdOfRMYIRECWH-Rj7NVqRa7dG0CuRUHfPKmYAKrMiNxgUv7YFFVMHZVoidmofjWjUlcIpSPUit7jpXQfAVvgp8fjR8O-HKvDWv7QobczRa4IRb7MoHvqPkeZoqcqR3mYWUcYP0fvZ7voKpfUP6YuAh4Mm8xoUvRfwjHuRIVz7-QZmBCWRkVSPzfZHl4WP-4zejRgej7NAlHIopODRNmYHwOUH0PWLjfSAgmDPEfSPEczAuvYoXHzmNP-HTWdH5QMLQmSnAWNGhQf50HDAzOZUw7DlZcDLKHq6keDHgOzLhOUftYQHZYQiFmzHZeDfFHoUYOYUMWNWXQfKoHDc-YBW0xZovPtZWQjKKOQLAfq5TvfH5HYPFQNVwPQ58Vqf6cMUD3WHWVdWNvtZq7-U-vj5PWfU6xopxYSU-YM7NRQpY7ZPVVfPWPZKeHWoBWo5xRu7tOg5vxDGbxglwOWHt4UWMP-oDmMoHRuateq5l4uWemSPUvBy9WQWNvu5oVUU-xZRIrq26YQRUHIWvONmxeDmaOSUVfSUh3BGPYSHFcB2wVWp8WzUbRuFAOZpecg5yHYozfgUe4gmqYfwHQdRPCWRZVoRBPdol4fKAWuWBmSmpcZLoRqcwRZmE4DouvYDFHglAxq68HqRIYgmC7QmxWgLkOYAyxuAbeqRhV-pXxNWJOULfRbZVVuAmWNNjcWUE7NGu",,01: preparation,,
community/tu-darmstadt/hochfrequenzsysteme-fuer-teilchenbeschleuniger,/g/academic-teaching/academic-teaching-event/lecture,community/tu-darmstadt,/g/academic-teaching/academic-study-programme/master-degree-programme,2,2024-2,Hochfrequenzsysteme für Teilchenbeschleuniger,Radio Frequency Systems for Particle Accelerators,,,"Wiederholung von Leitungen und Wellenleitern sowie S-Parametern. HF-Komponenten, HF-Messungen, Kavitäten auf Basis magnetisch permeabler Materialien, auf klassischen Hohlraumresonatoren basierende Kavitäten, Kavitäten-Ersatzschaltbild, Beam-Loading, grundlegende Begriffe und Definitionen der nichtlinearen Dynamik, HF-Beschleunigung, longitudinaler Phasenraum, Teilchen-Tracking-Gleichungen, Satz von Liouville, Adiabatizität, HF-Systeme für spezielle Strahlmanipulationen, Steuerungs- und Regelungssysteme.

","Repetition of transmission lines and waveguides, S-parameters. RF components, RF measurements, cavities loaded with magnetically permeable materials, cavities based on classical resonators, cavity equivalent circuit, beam loading, basic terms and definitions of nonlinear dynamics, RF acceleration, longitudinal phase space, particle tracking equations, Liouville's theorem, adiabaticity, RF systems for special beam manipulations, closed-loop and open-loop control (LLRF) systems.",en,"","https://www.tucan.tu-darmstadt.de/scripts/mgrqispi.dll?APPNAME=CampusNet&PRGNAME=COURSEDETAILS&ARGUMENTS=-N000000000000001,-N000335,-N0,-N388393536189654,-N388393536182655,-N0,-N0,-N3,-A4WRbmfKExgLuHSc-PqwaeYAsckZCQIRq3IcNWYGsOSm3CWW6WZRNeUobejAD7WU5RoRNfSPL7fctHzRBVI7jxQRImIHIRqowOQ5pPNZBmfnwVdokeqmhOZldVIU-OuBNPYWqCYmoRfPwvQRhcjaNR-LEv-5lRuUKP-LgxUPbeZLAmSpNvoLjxS5TYWmqWzWXfUHfVuRuCWofHSWTHdn-3BV6QqZWYu56HDa-7-WueWmgRWlAPUHSYoK33um5vfLDWWWvv-5zVBDjctZdOBGxvgoAOQDtcYHCWMPAOfKPmoWbOZiAfBHp4fUIVzZAeYKaCumQrUpVfD5f4DRNcWRfczN6RdHmHqKvPuPhxY5Ce-WJHNm3xMmgQqPLWNWjvDWpczo8Rqw9HdN9RdHQrDRKeuWS7DZvWSm97WRSOz6k4QHD3zeAWNPa4Ip3QZUQYDFAmd6oRYW67uR97foyeNwkcSPqCYGPRdZ-V-ReYoHC3SP9OWftOZUFVjLHYqy9cWmbxd5EQgL9mqHTrgLTON5x7UoA4zRFvzWp7-U5PdmZQqeFmIPPQSpLmUpL7uAgmdKvmfc6rqLBPfWgRoWkQSiZRqlZVu5df-mLxZKJCW5C4D26mQozVzo5WgmNxuR0OYaNPNUmxZoNO-WTQB59VgHsVuU0VSLovUDwcQlwfBHfv-L3vDGBcWiFxUm57dDtxjo54ULFcDRAQUndHop6HDwbmqGucYRM3SltOzn6OomzWupkPdoEfBw6Pz763QLuxdL-",,01: preparation,,
community/tu-darmstadt/hochfrequenzsysteme-fuer-teilchenbeschleuniger-(uebung),/g/academic-teaching/academic-teaching-event/lecture-exercise,community/tu-darmstadt,/g/academic-teaching/academic-study-programme/master-degree-programme,2,2024-2,Hochfrequenzsysteme für Teilchenbeschleuniger (Übung),Radio Frequency Systems for Particle Accelerators,,,,,en,"","https://www.tucan.tu-darmstadt.de/scripts/mgrqispi.dll?APPNAME=CampusNet&PRGNAME=COURSEDETAILS&ARGUMENTS=-N000000000000001,-N000335,-N0,-N388393536107657,-N388393536188658,-N0,-N0,-N3,-AWQmyeflArqUv4DU5rqKBQuHg7DWFHQUgRdc-HoewxonAmNeZ4oedmDRjxfG84IoaWZPkYf6URf5kPNL54WWEOS5kVZohQBHzVfRN4D5APD9-cIpB7uUzWoWqWWWLxd6meMmu7gH8VoRgPoLBHfAdPSRJmMmwRDLURYB9QqwCQue-fWoXOYe6eQPg4gL-3flZxMHDOdPkxIH0eWoSQ-RZQqPdPSmumSKAWg5BPfommjWBOqKgxZHCQZD-VuRfPgHCONKhPNLZ7-R8VqLqvjHMWSAoOdHHfDGM7Wo5YQcNYkZZVBDtVdDtfQnZVQU6vupCmuAzCuo5eUPNCfmuVfG7fMpoPoBwxQoQeYKkvDwMHgWuWWozvf5kHQ5xVQpscBLWVfPMYo5hPZRumZBAfg5yc-itvdUbVIHTcYHhWzot7dw3Of6mmbNdVfLImWmMCYfFcfRSVqawVQHCHdKMCQmj7UWTrMppWfWeOdPNHYe6OZ7tOdZdrqWA4qKKVDLwWBWwRMovvZoWPUPTmfWCvzZ5PkZj3zVtPBKTcu5VQueAQZPt7upz7DAtPjLUR-R0cYZ8efZ-WUP6RULXxZLA4UpCxBWCRUW3WZodO-mARMUsRq5hWYmVYz7tCWUYHd5QcNw5PomfWILF4gmSVZUA7-5emdltVSALOjHhrDWZ4MpvRuAlcuPEONPWvoPaCf6w7dH6YgPpfNnNmMKBmoRQVjBNHZ5QfqBFQBZQfNLTHBGdcqcwHqPUYBUWc-LEOuLfRj5P",,01: preparation,,
community/tu-darmstadt/experimentelle-grundlagen-der-physik-und-technik-von-beschleunigern,/g/academic-teaching/academic-teaching-event/lecture,community/tu-darmstadt,/g/academic-teaching/academic-study-programme/master-degree-programme,2,2024-2,Experimentelle Grundlagen der Physik und Technik von Beschleunigern,,,,"Grundlagen der Strahldynamik in Linear- und Kreisbeschleunigern, Funktionsweise von Beschleunigern und Beschleunigerkomponenten, Messung von Strahleigenschaf-ten, Strahlintensitätseffekte und Stromgrenzen.",,de,"","https://www.tucan.tu-darmstadt.de/scripts/mgrqispi.dll?APPNAME=CampusNet&PRGNAME=COURSEDETAILS&ARGUMENTS=-N000000000000001,-N000335,-N0,-N387755361015744,-N387755361002745,-N0,-N0,-N3,-AVomoQjPPPZRYPBHMVqwVRffZcfKPRopPfgRgvBGSQYRQvdHzcjLh3BPSvDLSPBV9VZUe4WWovMAWxDwV7ZHsHMWjQom-4D60PYojxUUwHMKWVQ59mdUPVDGsrqLFPSmC7WLhv-myHfoqQBmhfqDZxq65fDRsYYRAeWUAQDAEOuRbYYPBcZeFRUWEHDwS4QmWWfHwPuUzeM5Lx-mZefZsOkZF3zPM3WPbrMKMQ-LqcURQmWPfmZ7tQUm5VSoPHZRVxfHXvYUMmz6FeW7dRNa9WYm-RdajWYmECQUkQBWMHILdRdW8HQPw7NAFODU6mqRuRBmScqUjxjnt3o76OIREYUR6PoBNmQpSfjHteUpkeUKaVN5urUUh3f6pWzPbH-HPVfZq3BVFmoK6WZm-YgpVmgp3eYLIrUKUVoPemUP6H-WvQQpwRDmLQNftxSpy7ZKxeQm64gP6OzZKcjok7NLqmZBNOIoYfumQPoatRWWq4fK3HI5BVWK-mIUycfw6WIoT3BAaVIofQuVjRdPfPMpsCQUCvuKdP-PQfIp3xj5-YQmj7YGBQQcdQQHZ3WWavQLCWopz7j5oOWKKfqe6CWe-PjWdYBLm4YoUcoR33YH5xNAqxDGNVfAuxYWSRdydxqHTmIDA4U5FPuKKHdG0m-HNfNRuCumDmjWJQWodxkNZYgU5QuLTHMUtVZKBWuHBmWKucY6NPqKNHgcjmbZ5vz6ZmzVdmvZkPDRymMD9OW5a4QpPxYP87jmWefWycdwqPuF-",,01: preparation,,
community/tu-darmstadt/simulation-von-strahldynamik-und-elektromagnetischen-feldern-in-teilchenbeschleunigern,/g/academic-teaching/academic-teaching-event/lecture,community/tu-darmstadt,/g/academic-teaching/academic-study-programme/master-degree-programme,2,2024-2,Simulation von Strahldynamik und elektromagnetischen Feldern in Teilchenbeschleunigern,Simulation von Strahldynamik und elektromagnetischen Feldern in Teilchenbeschleunigern,,,"Simulation geladener Teilchen: Typen von Teilchensimulationen, Beziehung zur Vlasov-Gleichung – Lösung der Bewegungsgleichungen: die Boris-Methode, numerische Stabilität, symplektische Integratoren –  Elektrostatisches PIC:  Greensche Funktionen, FFT- und FD-Methoden auf Rechengittern, Ladungsdeposition, Feldinterpolation, Shape-Funktionen hoher Ordnung – Simulation von DC-Elektronenkanonen: raumladungslimitierte Emission  – Simulation relativistischer Teilchenstrahlen im Lorenz-Referenzsystem – Transport-Matrix basierte Verfahren – Elektromagnetisches PIC: die FDTD-Methode,  Stromdeposition, Boris-Schema, dispersionsoptimierte Verfahren – Wakefelder und Impedanzen: ultra-relativistischen Strahlen – Plasma-Wakefield-Beschleunigung – Hochleistungsrechnen

",,"en,en","","https://www.tucan.tu-darmstadt.de/scripts/mgrqispi.dll?APPNAME=CampusNet&PRGNAME=COURSEDETAILS&ARGUMENTS=-N000000000000001,-N000335,-N0,-N387755366667738,-N387755366693739,-N0,-N0,-N3,-AVomoQjPPPZRYPBHMVqwVRffZcfKPRopPfgRgvBGSQYRQvdHzcjLh3BPSvDLSPBV9VZUe4WWovMAWxDwV7ZHsHMWjQom-4D60PYojxUUwHMKWVQ59mdUPVDGsrqLFPSmC7WLhv-myHfoqQBmhfqDZxq65fDRsYYRAeWUAQDAEOuRbYYPBcZeFRUWEHDwS4QmWWfHwPuUzeM5Lx-mZefZsOkZF3zPM3WPbrMKMQ-LqcURQmWPfmZ7tQUm5VSoPHZRVxfHXvYUMmz6FeW7dRNa9WYm-RdajWYmECQUkQBWMHILdRdW8HQPw7NAFODU6mqRuRBmScqUjxjnt3o76OIREYUR6PoBNmQpSfjHteUpkeUKaVN5urUUh3f6pWzPbH-HPVfZq3BVFmoK6WZm-YgpVmgp3eYLIrUKUVoPemUP6H-WvQQpwRDmLQNftxSpy7ZKxeQm64gP6OzZKcjok7NLqmZBNOIoYfumQPoatRWWq4fK3HI5BVWK-mIUycfw6WIoT3BAaVIofQuVjRdPfPMpsCQUCvuKdP-PQfIp3xj5-YQmj7YGBQQcdQQHZ3WWavQLCWopz7j5oOWKKfqe6CWe-PjWdYBLm4YoUcoR33YH5xNAqxDGNVfAuxYWSRdydxqHTmIDA4U5FPuKKHdG0m-HNfNRuCumDmjWJQWodxkNZYgU5QuLTHMUtVZKBWuHBmWKucY6NPqKNHgcjmbZ5vz6ZmzVdmvZkPDRymMD9OW5a4QpPxYP87jmWefWycdwqPuF-",,01: preparation,,
