id,instanceOf__taxonomyId,partOf__id,host__organizationsId,successorOf__id,parent__id,isUserFacility,isBMBF_FIS,label.de,label.en,tagLine.de,tagLine.en,definition.de,definition.en,primaryApplications__taxonomyId,secondaryApplications__taxonomyId,lifeCycle.currentStatus__taxonomyId,lifeCycle.operation.startYear,lifeCycle.operation.endYear,lifeCycle.design.startYear,lifeCycle.realization.startYear,parameters.primaryBeamParticles,parameters.secondaryBeamParticles,parameters.length__m,parameters.E0__eV,parameters.E1__eV,parameters.srPowerLoss__W,parameters.luminosity,parameters.repetitionRate__Hz,parameters.pulseDuration__s,parameters.magneticField__T,parameters.cmEnergy__eV,parameters.electricGradient__V_m,parameters.events__Hz,parameters.emittance__mrad,parameters.powerConsumption__W,parameters.peakBrilliance,parameters.averageBrilliance,links.homepage.de,links.homepage.en,references,review.status__id,review.reviewer__contactsID,review.log
athena,/b/facility/facility-complex,,,,,false,false,ATHENA,ATHENA,Helmholtz-ARD Testanlagen für Plasmabeschleunigung,Helmholtz-ARD distributed test facility for plasma acceleration,"Mit ATHENA bündelt die Helmholtz-Gemeinschaft die Beschleuniger-Expertise von sechs ihrer 18 Forschungseinrichtungen. Diese tragen ihre wissenschaftlichen Erkenntnisse zusammen, um kompakte und innovative Plasmabeschleuniger in zwei deutschen Leuchtturmprojekten aufzubauen. Am DESY in Hamburg soll dafür ein Elektronen- und am Helmholtz-Zentrum Dresden-Rossendorf ein Hadronenbeschleuniger entwickelt werden. Mit JuSPARC trägt Jülich dabei Erkenntnisse für das Feld der Elektronenbeschleunigung bei.","With ATHENA, the Helmholtz Association is bundling the accelerator expertise of seven of its 18 research institutions. They are pooling their scientific knowledge to build compact and innovative plasma accelerators in two German lighthouse projects. An electron accelerator is to be developed at DESY in Hamburg and a hadron accelerator at the Helmholtz Centre Dresden-Rossendorf. With JuSPARC, Jülich is contributing findings to the field of electron acceleration.",/b/accelerator-application/science-application/accelerator-research,"",/b/facility-life-cycle/3-1_operation,2018,,,,"","",,,,,,,,,,,,,,,,,,"",01: preparation,,
berlinpro,/b/accelerator/erl,,community/hzb,,,false,false,bERLinPro,bERLinPro,Berliner Energierückgewinnung LINac PROjekt,Berlin Energy Recovery LINac PROject,Testanlage zur Elektronenbeschleunigung mit hohen Strömen im Dauerstrichbetrieb und mit Energierückgewinnung auf der Basis von supraleitenden Hohlräumen,Testanlage zur Elektronenbeschleunigung mit hohen Strömen im Dauerstrichbetrieb und mit Energierückgewinnung auf der Basis von supraleitenden Hohlräumen,/b/accelerator-application/science-application/accelerator-research,"",/b/facility-life-cycle/4-2-2_decommissioned,2021,,,,leptons / electrons,"",,,,,,,,,,,,,,,,,,"",01: preparation,,
kit-atp/flute,/b/facility,kit-atp,community/kit,,kit-atp,false,false,FLUTE,FLUTE,Linear-Beschleuniger-Testanlage,Linear Accelerator Test Facility,"Elektronenbeschleuniger zur Erzeugung ultrakurzer Elektronenpakete, der aus einem femtosekundenlaser-getriebenen Photoinjektor, einem Linearbeschleuniger und einem Elektronenpakete-Kompressor besteht. FLUTE steht für Ferninfrarot Linac- und Test-Experiment.","Elektronenbeschleuniger zur Erzeugung ultrakurzer Elektronenpakete, der aus einem femtosekundenlaser-getriebenen Photoinjektor, einem Linearbeschleuniger und einem Elektronenpakete-Kompressor besteht.",/b/accelerator-application/science-application/accelerator-research,"",/b/facility-life-cycle/3-1_operation,2021,,,,leptons / electrons,"",,,,,,,,,,,,,,,,,,"",01: preparation,,
juSPARC,/b/facility/laser-facility,,community/fz-juelich,,,false,false,JuSPARC,JuSPARC,Jülicher Zentrum für kurzgepulste Teilchen und Strahlung,Jülich Short-Pulsed Particle and Radiation Center,Laserbasierte Testanlage für Beschleunigerforschung mit kurzgepulsten Photonen- und Teilchenstrahlen,Laser-based test facility for accelerator research with short-pulsed photon and particle beams,"","",/b/facility-life-cycle/3-1_operation,2019,,,,"","",,,,,,,,,,,,,,,,,,buscher_etal__2020__jusparc_julich_shortpulsed,01: preparation,,
juSPARC/vega,/b/facility/laser-facility,juSPARC,community/fz-juelich,,juSPARC,false,false,JuSPARC MIRA,JuSPARC MIRA,JuSPARC MIRA,JuSPARC MIRA,,,"","",/b/facility-life-cycle/3-1_operation,2019,,,,photons,"",,,,,,,,,,,,,,,,,,buscher_etal__2020__jusparc_julich_shortpulsed,01: preparation,,
juSPARC/sirius,/b/facility/laser-facility,juSPARC,community/fz-juelich,,juSPARC,false,false,JuSPARC SIRIUS,JuSPARC SIRIUS,JuSPARC SIRIUS,JuSPARC SIRIUS,,,"","",/b/facility-life-cycle/3-1_operation,,,,,photons,"",,,,,,,,,,,,,,,,,,buscher_etal__2020__jusparc_julich_shortpulsed,01: preparation,,
athena/sinbad,/b/facility/facility-complex,athena,community/desy,,athena,false,false,SINBAD,SINBAD,Kurze innovative Teilchenpakete und Beschleuniger bei DESY,Short INnovative Bunches and Accelerators at DESY,,,/b/accelerator-application/science-application/accelerator-research,"",/b/facility-life-cycle/3-1_operation,2002,,,,"","",,,,,,,,,,,,,,,,,,"",01: preparation,,
athena/sinbad/ares,/b/accelerator/linear-accelerator,athena/sinbad,community/desy,,athena/sinbad,false,false,ARES,ARES,Beschleuniger-Forschungsexperiment bei SINBAD,Accelerator Research Experiment at SINBAD,"Linearbeschleuniger zur Erzeugung ultrakurzer Elektronenpakete. Teil von SINBAD bei DESY. Das Ziel von ARES ist es, ultrakurze Elektronenpakete mit geringer Ladung (0,2 - 50 pC) und hoher Ankunftszeitstabilität (weniger als 10 fs) für verschiedene Anwendungen zu erzeugen, z.B. für die externe Injektion zur Beschleunigung von Laserplasma-wakefieldss [2]. Die Grundkonzeption des Beschleunigers sieht einen S-Band-Photoinjektor vor, der Elektronenpakete mit geringer Ladung durch Geschwindigkeits-Bündelung komprimiert und auf 100 MeV Energie beschleunigt.","Linearbeschleuniger zur Erzeugung ultrakurzer Elektronenpakete. Teil von SINBAD bei DESY. Das Ziel von ARES ist es, ultrakurze Elektronenpakete mit geringer Ladung (0,2 - 50 pC) und hoher Ankunftszeitstabilität (weniger als 10 fs) für verschiedene Anwendungen zu erzeugen, z.B. für die externe Injektion zur Beschleunigung von Laserplasma-wakefieldss [2]. Die Grundkonzeption des Beschleunigers sieht einen S-Band-Photoinjektor vor, der Elektronenpakete mit geringer Ladung durch Geschwindigkeits-Bündelung komprimiert und auf 100 MeV Energie beschleunigt.",/b/accelerator-application/science-application/accelerator-research,"",/b/facility-life-cycle/3-1_operation,2020,,,,leptons / electrons,"",,,,,,,,,,,,,,,,,,"",01: preparation,,
athena/sinbad/axsis,/b/accelerator/linear-accelerator,athena/sinbad,community/desy,,athena/sinbad,false,false,AXSIS,AXSIS,"Attosekunden-Röntgenforschung, Bildgebung und Spektroskopie","Attosecond X-ray Science, Imaging and Spectroscopy",15 MeV-Elektronenbeschleuniger auf der Grundlage von THz-Wellen in dielektrischen Wellenleitern,15 MeV-Elektronenbeschleuniger auf der Grundlage von THz-Wellen in dielektrischen Wellenleitern,/b/accelerator-application/science-application/accelerator-research,"",/b/facility-life-cycle/3-1_operation,2017,,,,leptons / electrons,"",,,,,,,,,,,,,,,,,,"",01: preparation,,
berlin-protonen,/b/facility/accelerator-based-facility/medical-facility/beam-therapy/proton-beam-therapy,,community/hzb,,,true,false,BerlinProtonen,BerlinProtonen,Protonentherapie von Augentumoren,Proton therapy for eye tumors,"BerlinProtonen ist eine auf die Behandlung von Augentumoren spezialisierte Protonentherapieanlage, die gemeinsam vom Helmholtz-Zentrum Berlin (HZB) und der Charité betrieben wird. Protonenstrahlen mit einer Energie von 68 MeV werden eingesetzt, um Augentumore gezielt zu zerstören und dabei das umliegende gesunde Gewebe zu schonen. Die Erfolgsquote bei der Zerstörung von Augentumoren liegt bei über 97 Prozent. In den meisten Fällen wird das Auge nicht nur gerettet, sondern es bleibt auch ein zufriedenstellendes Sehvermögen erhalten. Seit 1998 wurden in der Einrichtung mehr als 3 700 Patienten behandelt.","BerlinProtonen is a proton therapy facility specialising in the treatment of eye tumours, operated jointly by Helmholtz-Zentrum Berlin (HZB) and Charité. Proton beams with an energy of 68 MeV are used to precisely target and destroy eye tumours while sparing surrounding healthy tissue. The treatment has a success rate of over 97% in destroying eye tumours. In most cases, the eye is not only saved, but a satisfactory level of vision is maintained. More than 3,700 patients have been treated at the facility since 1998.",/b/accelerator-application/medical-application,"",/b/facility-life-cycle/3-1_operation,1998,,,,ions / protons,"",,,,,,,,,,,,,,,,,,"",01: preparation,,
berlin-protonen/02-sector-cyclotron,/b/accelerator/cyclotron/sector-cyclotron,berlin-protonen,community/hzb,,berlin-protonen,true,false,BerlinProtonen / 02-Sektorzyklotron,BerlinProtonen / 02-Sector Cyclotron,,,"Als Hauptbeschleuniger nutzt BerlinProtonen ein Sektorenzyklotron mit vier Ablenkmagneten und zwei Hochfrequenzkomponenten für eine schrittweise Energieübertragung. Auf diese Weise erreichen die Protonen eine Endenergie von 68 Millionen Elektronenvolt, was etwa der halben Lichtgeschwindigkeit entspricht.","As the main accelerator, BerlinProtonen uses a sector cyclotron with four bending magnets and two high-frequency components for a stepwise energy transfer. In this way, the protons reach a final energy of 68 million electronvolts, which corresponds to about half the speed of light.",/b/accelerator-application/medical-application,"",/b/facility-life-cycle/3-1_operation,1998,,,,ions / protons,"",,,,,,,,,,,,,,,,,,"",01: preparation,,
berlin-protonen/01-preaccelerator,/b/accelerator/electrostatic-accelerator/van-de-graaff-accelerator,berlin-protonen,community/hzb,,berlin-protonen,true,false,BerlinProtonen / 01-Vorbeschleuniger,BerlinProtonen / 01-Pre-Accelerator,,,"Als Vorbeschleuniger verwendet BerlinProtonen einen Van-de-Graaff-Generator mit einer maximalen Spannung von 5,5 Millionen Volt.","As a pre-accelerator, BerlinProtonen uses a Van de Graaff generator with a maximum potential of 5.5 million volts.",/b/accelerator-application/medical-application,"",/b/facility-life-cycle/3-1_operation,1998,,,,ions / protons,"",,,,,,,,,,,,,,,,,,"",01: preparation,,
bessy-2,/b/facility/accelerator-based-facility/photon-source/synchrotron-light-source/3rd-generation,,community/hzb,,,true,true,BESSY II,BESSY II,Berliner Elektronenspeicherring für Synchrotronstrahlung II,Berlin electron storage ring for synchrotron radiation II,Synchrotron-Strahlungsquelle der dritten Generation für weiche Röntgenstrahlung,Synchrotron-Strahlungsquelle der dritten Generation für weiche Röntgenstrahlung,/b/accelerator-application/science-application/matter-research/photon-science,"",/b/facility-life-cycle/3-1_operation,1998,2020,,,leptons / electrons,photons,240,,,,,,20000,,,,,1e-10,9000,,,,,10.1140/epjp/s13360-023-03957-8,01: preparation,,
bessy-3,/b/facility/accelerator-based-facility/photon-source/synchrotron-light-source/4th-generation,,community/hzb,bessy-2,bessy-2,true,true,BESSY III,BESSY III,Berliner Elektronenspeicherring für Synchrotronstrahlung III,Berlin electron storage ring for synchrotron radiation III,Geplante Synchrotron-Strahlungsquelle der vierten Generation für weiche Röntgenstrahlung,Geplante Synchrotron-Strahlungsquelle der vierten Generation für weiche Röntgenstrahlung,/b/accelerator-application/science-application/matter-research/photon-science,"",/b/facility-life-cycle/1-2-1_creating_technical_design,2035,,2022,2029,leptons / electrons,photons,350,,2500000000,,,,,,,,,5e-9,,,,,,10.1140/epjp/s13360-023-03957-8,01: preparation,,
cac,/b/facility/facility-complex,,community/cern,,,true,true,CERN Accelerator Complex,CERN Accelerator Complex,CERN-Beschleunigerkomplex,CERN Accelerator Complex,,,"/b/accelerator-application/science-application/research-of-the-smallest-particles/hadron-physics,/b/accelerator-application/science-application/research-of-the-smallest-particles","",/b/facility-life-cycle/3-1_operation,,,,,"","",,,,,,,,,,,,,,,,,,"",01: preparation,,
cac/ad,/b/accelerator/particle-decelerator,cac,community/cern,,cac,true,true,AD,AD,Antiprotonen-Abbremsanlage,Antiproton Decelerator,"Der Antiprotonen-Entschleuniger am CERN ist eine Anlage zur Erzeugung von niederenergetischen Antiprotonen für die Antimaterieforschung. Er verwendet hochenergetische Antiprotonen aus Protonenkollisionen und bremst sie von knapp unter Lichtgeschwindigkeit auf etwa ein Zehntel der Lichtgeschwindigkeit ab. Diese Abbremsung wird durch den Einsatz starker elektrischer Felder erreicht. Darüber hinaus werden Techniken zur Strahlkühlung eingesetzt, um die Energiespreizung und die Abweichung von der gewünschten Bahn zu verringern. ","The Antiproton Decelerator at CERN is a facility used to produce low-energy antiprotons for antimatter research. It takes high-energy antiprotons from proton collisions and slows them down from just below the speed of light to about one-tenth the speed of light. This deceleration is achieved by using strong electric fields. In addition, beam cooling techniques are employed to reduce the spread in energy and deviation from the desired track. ","/b/accelerator-application/science-application/research-of-the-smallest-particles/hadron-physics,/b/accelerator-application/science-application/research-of-the-smallest-particles","",/b/facility-life-cycle/3-1_operation,1999,,,,ions / antiprotons,"",,,,,,,,,,,,,,,,,,"",01: preparation,,
cac/awake,/b/acceleration/drive/plasma-based-acceleration/plasma-based_beam-driven_acceleration,cac,community/cern,,cac,false,false,AWAKE,AWAKE,Fortgeschrittenes plasmabasiertes protonengetriebenes Beschleuningungsexperiment ,Advanced proton driven plasma Wakefield Acceleration Experiment ,"Machbarkeitsstudie über die Verwendung von Plasma-Wakefields, die von einem Protonenstrahl angetrieben werden, um geladene Teilchen zu beschleunigen.",Feasibility study on the use of plasma wakefields driven by a proton beam to accelerate charged particles.,/b/accelerator-application/science-application/accelerator-research,"",/b/facility-life-cycle/4-1_replaced_by_upgrade,2016,2018,,,ions / protons,leptons / electrons,,,,,,,,,,,,,,,,https://home.cern/science/accelerators/awake,,"",01: preparation,,
cac/elena,/b/accelerator/particle-decelerator,cac,community/cern,,cac,true,true,ELENA,ELENA,Extra-Niedrigenergie-Antiprotonen-Ring,Extra Low Energy Antiproton ring,"ELENA (Extra Low ENergy Antiproton) ist ein 30 m langer sechseckiger Speicherring, der Antiprotonenstrahlen abbremst und an verschiedene Experimente liefert. Er soll den vom Antiproton Decelerator AD kommenden Antiprotonenstrahl für präzisere Messungen auf eine Energie von 0,1 MeV abbremsen.",ELENA (Extra Low ENergy Antiproton) is a 30 m hexagonal storage ring that decelerates antiproton beams and delivers it to different experiments. It is designed to further decelerate the antiproton beam coming from the Antiproton Decelerator AD to an energy of 0.1 MeV for more precise measurements.,"/b/accelerator-application/science-application/research-of-the-smallest-particles/hadron-physics,/b/accelerator-application/science-application/research-of-the-smallest-particles","",/b/facility-life-cycle/3-1_operation,2020,,,,ions / antiprotons,ions / antiprotons,,,,,,,,,,,,,,,,,,"",01: preparation,,
cac/isolde,/b/accelerator/particle-decelerator,cac,community/cern,,cac,true,true,ISOLDE,ISOLDE,Einrichtung zur Erzeugung radioaktiver Ionenstrahlen,Isotope Separator On Line DEvice,"Anlage zur Erzeugung radioaktiver Nuklide durch Spallations-, Spaltungs- oder Fragmentierungsreaktionen in einem dicken Target, das mit einem Protonenstrahl mit einer Energie von 1,4 GeV und einer Intensität bis zu 2 Mikroampere bestrahlt wird.","Facility for the production of radioactive nuclides by spallation, fission or fragmentation reactions in a thick target irradiated with a proton beam with an energy of 1.4 GeV and an intensity of up to 2 microamperes.","/b/accelerator-application/science-application/research-of-the-smallest-particles/hadron-physics,/b/accelerator-application/science-application/research-of-the-smallest-particles","",/b/facility-life-cycle/3-1_operation,1992,,,,ions / protons,ions / heavy ions,,,,,,,,,,,,,,,,,,"",01: preparation,,
cac/lhc,/b/facility/accelerator-based-facility/particle-collider/circular-particle-collider,cac,community/cern,,cac,true,true,LHC ,LHC ,Großer Hadronen-Collider (LHC),Large Hadron Collider (LHC),,,"/b/accelerator-application/science-application/research-of-the-smallest-particles/hadron-physics,/b/accelerator-application/science-application/research-of-the-smallest-particles","",/b/facility-life-cycle/3-1_operation,2021,2024,,,"ions / protons,ions / heavy ions","",27000,,,,,,,,,,,,,,,,,"",01: preparation,,
cac/lhc__run-1,/b/facility/accelerator-based-facility/particle-collider/circular-particle-collider,,community/cern,cac/lhc,cac/lhc,true,true,LHC Run 1,LHC Run 1,Großer Hadronen-Collider,Large Hadron Collider (LHC Run 1),,,"/b/accelerator-application/science-application/research-of-the-smallest-particles/hadron-physics,/b/accelerator-application/science-application/research-of-the-smallest-particles","",/b/facility-life-cycle/4-1_replaced_by_upgrade,2011,2013,,,"ions / protons,ions / heavy ions","",27000,,,,,,,,,,,,,,,,,"",01: preparation,,
cac/lhc__run-2,/b/facility/accelerator-based-facility/particle-collider/circular-particle-collider,,community/cern,cac/lhc,cac/lhc,true,true,LHC Run 2,LHC Run 2,Großer Hadronen-Collider,Large Hadron Collider (LHC Run 2),,,"/b/accelerator-application/science-application/research-of-the-smallest-particles/hadron-physics,/b/accelerator-application/science-application/research-of-the-smallest-particles","",/b/facility-life-cycle/4-1_replaced_by_upgrade,2015,2018,,,"ions / protons,ions / heavy ions","",27000,,,,,,,,,,,,,,,,,"",01: preparation,,
cac/lhc__run-3,/b/facility/accelerator-based-facility/particle-collider/circular-particle-collider,,community/cern,cac/lhc,cac/lhc,true,true,LHC Run 3 ,LHC Run 3 ,Großer Hadronen-Collider,Large Hadron Collider (LHC Run 3),,,"/b/accelerator-application/science-application/research-of-the-smallest-particles/hadron-physics,/b/accelerator-application/science-application/research-of-the-smallest-particles","",/b/facility-life-cycle/3_operation_and_maintenance,2021,2026,,,"ions / protons,ions / heavy ions","",27000,,,,,,,,,,,,,,,,,"",01: preparation,,
cac/lhc_hl-lhc__run-2,/b/facility/accelerator-based-facility/particle-collider/circular-particle-collider,,community/cern,cac/lhc,cac/lhc,true,true,HL-LHC (LHC Run 4),HL-LHC (LHC Run 4),Hochluminöser großer Hadronen-Collider,High-Luminosity Large Hadron Collider (LHC Run 4),"Der HL-LHC ist eine genehmigte Luminositätserhöhung des LHC. Der HL-LHC wird der erste Beschleuniger mit Quadrupol- und Dipolmagneten auf Basis von Nb3Sn-Supraleitern und damit ein wichtiges technologisches Sprungbrett für längerfristige Zukunftsprojekte wie FCC-hh und HE-LHC darstellt. Der HL-LHC wird auch der erste Hadronenbeschleuniger sein, der Krabbenhohlräume verwendet.",The HL-LHC is an approved luminosity increase of the LHC. The HL-LHC will be the first accelerator with quadrupole and dipole magnets based on Nb3Sn superconductors and thus an important technological stepping stone for longer-term future projects such as FCC-hh and HE-LHC. The HL-LHC will also be the first hadron collider to use crab cavities.,"/b/accelerator-application/science-application/research-of-the-smallest-particles/hadron-physics,/b/accelerator-application/science-application/research-of-the-smallest-particles","",/b/facility-life-cycle/2-1_preparation,2030,2033,,,"ions / protons,ions / heavy ions","",27000,,,7.3,,,,8.3,14000,,135,,,,,,,"",01: preparation,,
cac/lhc_hl-lhc__run-1,/b/facility/accelerator-based-facility/particle-collider/circular-particle-collider,,community/cern,cac/lhc,cac/lhc,true,true,HL-LHC (LHC Run 5),HL-LHC (LHC Run 5),Hochluminöser großer Hadronen-Collider,High-Luminosity Large Hadron Collider (LHC Run 5),"Der HL-LHC ist eine genehmigte Luminositätserhöhung des LHC. Der HL-LHC wird der erste Beschleuniger mit Quadrupol- und Dipolmagneten auf Basis von Nb3Sn-Supraleitern und damit ein wichtiges technologisches Sprungbrett für längerfristige Zukunftsprojekte wie FCC-hh und HE-LHC darstellt. Der HL-LHC wird auch der erste Hadronenbeschleuniger sein, der Krabbenhohlräume verwendet.","Der HL-LHC ist eine genehmigte Luminositätserhöhung des LHC. Der HL-LHC wird der erste Beschleuniger mit Quadrupol- und Dipolmagneten auf Basis von Nb3Sn-Supraleitern und damit ein wichtiges technologisches Sprungbrett für längerfristige Zukunftsprojekte wie FCC-hh und HE-LHC darstellt. Der HL-LHC wird auch der erste Hadronenbeschleuniger sein, der Krabbenhohlräume verwendet.","/b/accelerator-application/science-application/research-of-the-smallest-particles/hadron-physics,/b/accelerator-application/science-application/research-of-the-smallest-particles","",/b/facility-life-cycle/1-2_technical_design,2036,2038,,,"ions / protons,ions / heavy ions","",27000,,,7.3,,,,8.3,14000,,135,,,,,,,"",01: preparation,,
cac/linac1,/b/accelerator/linear-accelerator,cac,community/cern,,cac,true,true,Linac 1,Linac 1,Linearbeschleuniger 1,Linear accelerator 1,,,"/b/accelerator-application/science-application/research-of-the-smallest-particles/hadron-physics,/b/accelerator-application/science-application/research-of-the-smallest-particles","",/b/facility-life-cycle/3-1_operation,1958,,,,ions / protons,"",,,,,,,,,,,,,,,,,,"",01: preparation,,
cac/linac2,/b/accelerator/linear-accelerator,cac,community/cern,,cac,true,true,Linac 2,Linac 2,Linearbeschleuniger 2,Linear accelerator 2,,,"/b/accelerator-application/science-application/research-of-the-smallest-particles/hadron-physics,/b/accelerator-application/science-application/research-of-the-smallest-particles","",/b/facility-life-cycle/3-1_operation,1978,,,,"","",,,,,,,,,,,,,,,,,,"",01: preparation,,
cac/linac3,/b/accelerator/linear-accelerator,cac,community/cern,,cac,true,true,Linac 3,Linac 3,Linearbeschleuniger 3,Linear accelerator 3,,,"/b/accelerator-application/science-application/research-of-the-smallest-particles/hadron-physics,/b/accelerator-application/science-application/research-of-the-smallest-particles","",/b/facility-life-cycle/3-1_operation,1994,,,,"","",,,,,,,,,,,,,,,,,,"",01: preparation,,
cac/linac4,/b/accelerator/linear-accelerator,cac,community/cern,,cac,true,true,Linac 4,Linac 4,Linearbeschleuniger 4,Linear accelerator 4,,,"/b/accelerator-application/science-application/research-of-the-smallest-particles/hadron-physics,/b/accelerator-application/science-application/research-of-the-smallest-particles","",/b/facility-life-cycle/3-1_operation,2020,,,,"","",,,,,,,,,,,,,,,,,,"",01: preparation,,
cac/ps,/b/accelerator/synchrotron,cac,community/cern,,cac,true,true,PS,PS,Protonen-Synchrotron,Proton Synchrotron,,,"/b/accelerator-application/science-application/research-of-the-smallest-particles/hadron-physics,/b/accelerator-application/science-application/research-of-the-smallest-particles","",/b/facility-life-cycle/3-1_operation,1959,,,,"ions / protons,ions / heavy ions","",,,,,,,,,,,,,,,,,,"",01: preparation,,
cac/psb,/b/accelerator/synchrotron,cac,community/cern,,cac,true,true,PSB,PSB,Proton Synchrotron Booster,Proton Synchrotron Booster,,,"/b/accelerator-application/science-application/research-of-the-smallest-particles/hadron-physics,/b/accelerator-application/science-application/research-of-the-smallest-particles","",/b/facility-life-cycle/3-1_operation,1972,,,,ions / protons,"",,,,,,,,,,,,,,,,,,"",01: preparation,,
cac/sps,/b/accelerator/synchrotron,cac,community/cern,,cac,true,true,SPS,SPS,Super-Protonen-Synchrotron,Super Proton Synchrotron,,,"/b/accelerator-application/science-application/research-of-the-smallest-particles/hadron-physics,/b/accelerator-application/science-application/research-of-the-smallest-particles","",/b/facility-life-cycle/3-1_operation,,,,,"ions / protons,ions / heavy ions","",,,,,,,,,,,,,,,,,,"",01: preparation,,
clic,/b/accelerator/linear-accelerator,,community/cern,,,true,true,CLIC,CLIC,Kompakter Linearcollider,Compact LInear Collider,"Linearer Elektronen-Positronen-Collider im TeV-Bereich mit hoher Luminosität für die Erforschung kleinster Teilchen, der von internationalen Kollaborationen unter der Leitung des CERN entwickelt wird. Der CLIC-Beschleuniger wurde für drei Energiestufen bei Massenschwerpunktenergien von 380 GeV, 1,5 TeV und 3 TeV optimiert [1]. CLIC verwendet eine neuartige Zweistrahl-Beschleunigungstechnik mit normalleitenden Beschleunigungsstrukturen, die im Bereich von 70 MV/m bis 100 MV/m arbeiten.","Linearer Elektronen-Positronen-Collider im TeV-Bereich mit hoher Luminosität für die Erforschung kleinster Teilchen, der von internationalen Kollaborationen unter der Leitung des CERN entwickelt wird. Der CLIC-Beschleuniger wurde für drei Energiestufen bei Massenschwerpunktenergien von 380 GeV, 1,5 TeV und 3 TeV optimiert [1]. CLIC verwendet eine neuartige Zweistrahl-Beschleunigungstechnik mit normalleitenden Beschleunigungsstrukturen, die im Bereich von 70 MV/m bis 100 MV/m arbeiten.",/b/accelerator-application/science-application/research-of-the-smallest-particles,"",/b/facility-life-cycle/1-2-2_technically-designed,2040,2060,,,"leptons / electrons,leptons / positrons","",48400,,,,,,,,3000,100,,,,,,,,"",01: preparation,,
cosy,/b/accelerator/synchrotron,,community/fz-juelich,,,true,false,COSY,COSY,Kühlersynchrotron,Cooler-Synchrotron,"Kühlersynchrotron für Protonen und Deuteronen am Forschungszentrum Jülich. Die Teilchenstrahlen können bei Bedarf gekühlt werden, um die Strahlqualität zu erhöhen.","Kühlersynchrotron für Protonen und Deuteronen am Forschungszentrum Jülich. Die Teilchenstrahlen können bei Bedarf gekühlt werden, um die Strahlqualität zu erhöhen.",/b/accelerator-application/science-application/research-of-the-smallest-particles/hadron-physics,"",/b/facility-life-cycle/3_operation_and_maintenance,1993,,,,ions,"",,,,,,,,,,,,,,,,,,"",01: preparation,,
kit-atp/cstart,/b/accelerator/synchrotron/storage-ring,kit-atp,community/kit,,kit-atp,false,false,cSTART,cSTART,Kompakter Speicherring für Beschleunigerforschung und -technologie,Compact Storage Ring for Accelerator Research and Technology,Machbarkeitsstudie zur Speicherung ultrakurzer Elektronenpakete mit großer Impulsspanne aus einem Laser-Teilchenbeschleuniger.,Machbarkeitsstudie zur Speicherung ultrakurzer Elektronenpakete mit großer Impulsspanne aus einem Laser-Teilchenbeschleuniger.,/b/accelerator-application/science-application/accelerator-research,"",/b/facility-life-cycle/2-1_preparation,2026,,,,leptons / electrons,"",,,,,,,,,,,,,,,,,,"",01: preparation,,
dali,/b/facility/laser-facility,,community/hzdr,,,false,false,DALI,DALI,Fortschrittliche Lichtinfrastruktur in Dresden,Dresden Advanced Light Infrastructure,Dresden Advanced Light Infrastructure,Dresden Advanced Light Infrastructure,/b/accelerator-application/science-application/matter-research/photon-science,"",/b/facility-life-cycle/3-1_operation,2030,2040,,,photons,"",,,,,,,,,,,,,,,,,,"",01: preparation,,
delta,/b/accelerator/synchrotron,,community/tu-dortmund,,,false,false,DELTA,DELTA,Dortmunder Elektronenspeicherring-Anlage,Dortmund ELectron storage ring facility,,,/b/accelerator-application/science-application/matter-research/photon-science,/b/accelerator-application/science-application/accelerator-research,/b/facility-life-cycle/3_operation_and_maintenance,1996,,,,leptons / electrons,photons,,,,,,,,,,,,,,,,,,"",01: preparation,,
draco,/b/facility/laser-facility,,community/hzdr,,,false,false,DRACO,DRACO,DResden laser ACceleration source,DResden laser ACceleration source,Ultrakurzpuls-Hochleistungslaser für Untersuchungen zur Laserteilchenbeschleunigung ,Ultrakurzpuls-Hochleistungslaser für Untersuchungen zur Laserteilchenbeschleunigung ,/b/accelerator-application/science-application/accelerator-research,"",/b/facility-life-cycle/4-2-2_decommissioned,,,,,"","",,,,,,,,,,,,,,,,,,"",01: preparation,,
elbe,/b/facility/accelerator-based-facility/photon-source,,community/hzdr,,,true,false,ELBE,ELBE,Strahlungsquelle ELBE,User Facility ELBE,"Die Strahlungsquelle ELBE (Elektronen-Linearbeschleuniger für Strahlen hoher Brillanz und niedriger Emittanz) besteht aus einem supraleitenden Elektronenbeschleuniger und mehreren Nebenanlagen, die sowohl elektromagnetische Strahlung (THz-, Infrarot- und hochenergetische Gammastrahlung) als auch Teilchenstrahlung (Neutronen, Positronen und Elektronen) erzeugen. Diese Sekundärstrahlung steht sowohl externen Nutzern als auch den Mitgliedern des Helmholtz-Zentrums Dresden-Rossendorf für Forschungszwecke zur Verfügung. ","The ELBE radiation source (electron linear accelerator for high brilliance and low emittance beams) consists of a superconducting electron accelerator and several auxiliary facilities that generate both electromagnetic radiation (THz, infrared and high-energy gamma radiation) and particle radiation (neutrons, positrons and electrons). This secondary radiation is available to both external users and members of the Helmholtz-Zentrum Dresden-Rossendorf for research purposes.",/b/accelerator-application/science-application/accelerator-research,"",/b/facility-life-cycle/3-1_operation,2001,,,,leptons / electrons,"photons,leptons / positrons,neutrons",,,,,,,,,,,,,,,,https://www.hzdr.de/db/Cms?pNid=145,https://www.hzdr.de/db/Cms?pNid=145,"",01: preparation,,
elsa,/b/facility/facility-complex,,community/uni-bonn,,,false,false,ELSA,ELSA,Elektronenstretcher-Anlage,Elektronenstretcher-Anlage,"Die Elektronen-Stretcher-Anlage ELSA wird von der Universität Bonn im Land Nordrhein-Westfalen betrieben. Sie besteht aus drei Stufen (Injektor-LINAC, Booster-Synchrotron und Stretcher-Ring) und liefert einen Strahl polarisierter oder unpolarisierter Elektronen mit variabler Energie von maximal 3,2 GeV. Für das Hauptforschungsgebiet, die Hadronenphysik, können Ströme bis zu 1 nA extrahiert und zu den Experimentierplätzen CB-ELSA und BGOOD transferiert werden.","Die Elektronen-Stretcher-Anlage ELSA wird von der Universität Bonn im Land Nordrhein-Westfalen betrieben. Sie besteht aus drei Stufen (Injektor-LINAC, Booster-Synchrotron und Stretcher-Ring) und liefert einen Strahl polarisierter oder unpolarisierter Elektronen mit variabler Energie von maximal 3,2 GeV. Für das Hauptforschungsgebiet, die Hadronenphysik, können Ströme bis zu 1 nA extrahiert und zu den Experimentierplätzen CB-ELSA und BGOOD transferiert werden.",/b/accelerator-application/science-application/research-of-the-smallest-particles/hadron-physics,"",/b/facility-life-cycle/3-1_operation,1987,,,,leptons / electrons,"",,,,,,,,,,,,,,,,https://www.pi.uni-bonn.de/elsa/de/beschleuniger/aufbau,,"",01: preparation,,
esrf,/b/facility/accelerator-based-facility/photon-source/synchrotron-light-source/3rd-generation,,community/esrf,,,true,false,ESRF,ESRF,European Synchrotron Radiation Facility,European Synchrotron Radiation Facility,European Synchrotron Radiation Facility,European Synchrotron Radiation Facility,/b/accelerator-application/science-application/matter-research/photon-science,"",/b/facility-life-cycle/4-1_replaced_by_upgrade,1995,2019,,,leptons / electrons,photons,844,,,,,,,,,,,,,,,,,"",01: preparation,,
esrf__ebs,/b/facility/accelerator-based-facility/photon-source/synchrotron-light-source/4th-generation,,community/esrf,esrf,esrf,true,true,ESRF-EBS,ESRF-EBS,Extrem brillante Quelle,European Synchrotron Radiation Facility – Extremely Brilliant source,European Synchrotron Radiation Facility – Extremely Brilliant source,European Synchrotron Radiation Facility – Extremely Brilliant source,/b/accelerator-application/science-application/matter-research/photon-science,"",/b/facility-life-cycle/3-1_operation,2020,2040,,,leptons / electrons,photons,844,,,,,,,,,,,,,,,,,"",01: preparation,,
ess,/b/facility/accelerator-based-facility/neutron-source/spallation-neutron-source,,community/ess,,,true,true,ESS,ESS,Europäische Spallationsquelle,European Spallation Source,European Spallation Source,European Spallation Source,/b/accelerator-application/science-application/matter-research/neutron-science,"",/b/facility-life-cycle/2-2_construction,2023,,,,ions / protons,"",,,,,,,,,,,,,,,,,,"",01: preparation,,
eu-xfel__1.5,/b/facility/accelerator-based-facility/photon-source/free-electron-laser,,community/eu-xfel,eu-xfel,eu-xfel,true,true,European XFEL 1.5,European XFEL 1.5,European XFEL 1.5,European XFEL 1.5,,,/b/accelerator-application/science-application/matter-research/photon-science,"",/b/facility-life-cycle/1_design,2025,2029,,,leptons / electrons,photons,3400,,,,,,,,,,,,,,,,,"",01: preparation,,
eu-xfel__2.0,/b/facility/accelerator-based-facility/photon-source/free-electron-laser,,community/eu-xfel,eu-xfel,eu-xfel,true,true,European XFEL 2.0,European XFEL 2.0,European XFEL 2.0,European XFEL 2.0,2nd fan cw operation,2nd fan cw operation,/b/accelerator-application/science-application/matter-research/photon-science,"",/b/facility-life-cycle/1_design,2030,2040,,,leptons / electrons,photons,3400,,,,,,,,,,,,,,,,,"",01: preparation,,
eupraxia,/b/facility/accelerator-based-facility/photon-source,,,,,true,true,EuPRAXIA,EuPRAXIA,Europäischer Plasma-Forschungsbeschleuniger,European Plasma Research Accelerator with eXcellence In Applications ,,,/b/accelerator-application/science-application/accelerator-research,/b/accelerator-application/science-application/matter-research/photon-science,/b/facility-life-cycle/2-1_preparation,,,,,leptons / electrons,photons,,,,,,,,,,,,,,,,,,"",01: preparation,,
fair,/b/facility/facility-complex,,community/fair,,,true,true,FAIR,FAIR,Forschungsanlage für Antiprotonen und Ionen,Facility for Antiproton and Ion Research,":fair
:fair/0001-unilac
:fair/0002-p-linac
:fair/1001-sis18
:fair/1002-sis100
:fair/2001-p-bar
:fair/2002-super-frs
:fair/3001-hesr
:fair/3010-cr
:fair/3011-resr
:fair/3012-nesr",,/b/accelerator-application/science-application/research-of-the-smallest-particles/hadron-physics,"",/b/facility-life-cycle/2-2_construction,2022,2029,,,ions / protons,"",1100,,,,,,,,,,,,,,,,,"",01: preparation,,
fair/cr,/b/accelerator/synchrotron/storage-ring,fair,community/fair,,fair,true,true,CR,CR,Speicherring,Collector Ring,,,/b/accelerator-application/science-application/research-of-the-smallest-particles/hadron-physics,"",/b/facility-life-cycle/2-2_construction,,,,,"","",,,,,,,,,,,,,,,,,,"",01: preparation,,
fair/resr,/b/accelerator/synchrotron/storage-ring,fair,community/fair,,fair,true,true,RESR,RESR,Recycelter Experimentierspeicherring,Recycled-Experimental-Storage-Ring,,,/b/accelerator-application/science-application/research-of-the-smallest-particles/hadron-physics,"",/b/facility-life-cycle/2-2_construction,,,,,ions / protons,"",,,,,,,,,,,,,,,,,,"",01: preparation,,
fair/hesr,/b/accelerator/synchrotron/storage-ring,fair,community/fair,,fair,true,true,HESR,HESR,Hochenergiespeicherring,High-Energy Storage Ring,"Speicherring Antiprotonen im Energiebereich zwischen 0,83 GeV und 14 GeV",A storage ring for antiprotons in the energy range between 0.83 GeV and 14 GeV,/b/accelerator-application/science-application/research-of-the-smallest-particles/hadron-physics,"",/b/facility-life-cycle/2-2_construction,,,,,ions / antiprotons,"",,,,,,,,,,,,,,,,,,"",01: preparation,,
fair/p-bar,/b/accelerator-based-facility-component/target-and-separator,fair,community/fair,,fair,true,true,p-bar,p-bar ,Target und Separator für Antiprotonen,Target and separator for antiprotons,,,/b/accelerator-application/science-application/research-of-the-smallest-particles/hadron-physics,"",/b/facility-life-cycle/2-2_construction,,,,,"","",,,,,,,,,,,,,,,,,,"",01: preparation,,
fair/p-linac,/b/accelerator/linear-accelerator,fair,community/fair,,fair,true,true,p-Linac,p-Linac,Protonen-Linac,Proton linear accelerator ,"P-LINAC liefert die Protonen für die internationale Beschleunigeranlage FAIR in Darmstadt. Dieser Beschleuniger besteht aus einer Protonenquelle, einem RFQ und einem Raumtemperatur-CH-Driftröhren-Linac für Beschleunigungen von bis zu 70 MeV.","P-LINAC provides the protons for the international accelerator facility FAIR in Darmstadt. This accelerator consists of a proton source, an RFQ and a room temperature CH drift tube linac for accelerations of up to 70 MeV.",/b/accelerator-application/science-application/research-of-the-smallest-particles/hadron-physics,"",/b/facility-life-cycle/2-2_construction,,,,,ions / protons,"",,,,,,,,,,,,,,,,,,"",01: preparation,,
fair/sis18,/b/accelerator/synchrotron,fair,community/fair,,fair,true,true,SIS18,SIS18,Schwerionensynchrotron,Heavy-ion synchrotron,,,/b/accelerator-application/science-application/research-of-the-smallest-particles/hadron-physics,"",/b/facility-life-cycle/2-2_construction,,,,,ions / protons,"",,,,,,,,,,,,,,,,,,"",01: preparation,,
fair/sis100,/b/accelerator/synchrotron,fair,community/fair,,fair,true,true,SIS100,SIS100,Schwerionensynchrotron,Heavy-ion synchrotron,,,/b/accelerator-application/science-application/research-of-the-smallest-particles/hadron-physics,"",/b/facility-life-cycle/2-2_construction,,,,,ions / protons,"",,,,,,,,,,,,,,,,,,"",01: preparation,,
fair/super-frs,/b/accelerator-based-facility-component/target-and-separator,fair,community/fair,,fair,true,true,Super-FRS,Super-FRS,Supraleitender Fragment-Trenner,Super-conducting Fragment Separator,"Der Superconducting FRagment Separator (Super-FRS) wird der leistungsstärkste In-Flight-Separator der Welt sein. Seltene Isotope aller Elemente bis hin zum Uran werden bei relativistischen Energien erzeugt und innerhalb weniger hundert Nanosekunden räumlich getrennt, was die Untersuchung sehr kurzlebiger Kerne ermöglicht.","The Superconducting FRagment Separator (Super-FRS) will be the most powerful in-flight separator in the world. Rare isotopes of all elements up to uranium will be produced at relativistic energies and spatially separated within a few hundred nanoseconds, allowing the study of very short-lived nuclei.",/b/accelerator-application/science-application/research-of-the-smallest-particles/hadron-physics,"",/b/facility-life-cycle/2-2_construction,,,,,"ions / light ions,ions / heavy ions","",,,,,,,,,,,,,,,,,,"",01: preparation,,
fair/unilac,/b/accelerator/linear-accelerator,fair,community/fair,,fair,true,true,UNILAC,UNILAC,Universeller Linearbeschleuniger,Universal Linear Accelerator,"UNILAC (Universal Linear Accelerator) ist der Name eines Schwerionenbeschleunigers am GSI Helmholtzzentrum für Schwerionenforschung in Darmstadt. Das „Universal“ im Namen weist darauf hin, dass die Anlage Ionen aller Massenzahlen von Wasserstoff bis Uran beschleunigen kann. Mit Hilfe des UNILAC wurden unter anderem erstmals die Elemente Bohrium (Bh, 107), Hassium (Hs, 108), Meitnerium (Mt, 109), Darmstadtium (Ds, 110), Roentgenium (Rg, 111) und Copernicium (Cn, 112) synthetisiert.","UNILAC (Universal Linear Accelerator) is the name of a heavy ion accelerator at the GSI Helmholtz Centre for Heavy Ion Research in Darmstadt. The ‘Universal’ in the name indicates that the facility can accelerate ions of all mass numbers from hydrogen to uranium. With the help of UNILAC, the elements Bohrium (Bh, 107), Hassium (Hs, 108), Meitnerium (Mt, 109), Darmstadtium (Ds, 110), Roentgenium (Rg, 111) and Copernicium (Cn, 112), among others, were synthesised for the first time.",/b/accelerator-application/science-application/research-of-the-smallest-particles/hadron-physics,"",/b/facility-life-cycle/2-2_construction,,,,,ions / protons,"",,,,,,,,,,,,,,,,,,"",01: preparation,,
fcc,/b/facility/accelerator-based-facility/particle-collider/circular-particle-collider,,community/cern,,,true,false,FCC,FCC,Zukünftiger Ringkollider,Future Circular Collider,Future Circular Collider (ee),Future Circular Collider (ee),/b/accelerator-application/science-application/research-of-the-smallest-particles,"",/b/facility-life-cycle/1-2-1_creating_technical_design,2038,2053,,,"ions / protons,leptons / positrons,leptons / electrons","",90700000,,,,,,,,,,,,,,,,,"",01: preparation,,
fcc/fcc-ee,/b/facility/accelerator-based-facility/particle-collider/circular-particle-collider,,community/cern,fcc,fcc,true,false,FCC-ee,FCC-ee,Zukünftiger Elektronen-Positronen-Ringkollider,Future Circular Collider (ee),Future Circular Collider (ee),Future Circular Collider (ee),/b/accelerator-application/science-application/research-of-the-smallest-particles,"",/b/facility-life-cycle/1-2-1_creating_technical_design,2038,2053,,,"leptons / positrons,leptons / electrons","",90700000,,,,,,,,,,,,,,,,,"",01: preparation,,
fcc/fcc-hh,/b/facility/accelerator-based-facility/particle-collider/circular-particle-collider,,community/cern,fcc,fcc,true,true,FCC-hh,FCC-hh,Zukünftiger Hadronen-Ringkollider,Future Circular Collider (hh),Future Circular Collider (hh),Future Circular Collider (hh),/b/accelerator-application/science-application/research-of-the-smallest-particles,"",/b/facility-life-cycle/1-2-1_creating_technical_design,2063,2088,,,ions,"",90700000,,,2900,,,,20,100000,,171,,,,,,,"",01: preparation,,
flash,/b/facility/accelerator-based-facility/photon-source/free-electron-laser,,community/desy,,,true,true,FLASH,FLASH,Freie-Elektronen-Laser in Hamburg (FLASH),Free electron-laser in Hamburg,Free electron-laser in Hamburg,Free electron-laser in Hamburg,/b/accelerator-application/science-application/matter-research/photon-science,/b/accelerator-application/science-application/accelerator-research,/b/facility-life-cycle/4-1_replaced_by_upgrade,2005,2019,,,leptons / electrons,photons,315,,,,,,,,,,,,,,,,,"",01: preparation,,
flash-1_flash-2,/b/facility/accelerator-based-facility/photon-source/free-electron-laser,,community/desy,flash,flash,true,true,FLASH 1+2,FLASH 1+2,Freie-Elektronen-Laser in Hamburg (FLASH 1+2),Free electron-laser in Hamburg,Free electron-laser in Hamburg,Free electron-laser in Hamburg,/b/accelerator-application/science-application/matter-research/photon-science,/b/accelerator-application/science-application/accelerator-research,/b/facility-life-cycle/4-1_replaced_by_upgrade,2005,2024,,,leptons / electrons,photons,315,,,,,,30,,,,,,,,,,,"",01: preparation,,
flash-2020plus,/b/facility/accelerator-based-facility/photon-source/free-electron-laser,,community/desy,flash,flash,true,true,FLASH 2020+,FLASH 2020+,Freie-Elektronen-Laser in Hamburg (FLASH 2020+),Free electron-laser in Hamburg,Free electron-laser in Hamburg,Free electron-laser in Hamburg,/b/accelerator-application/science-application/accelerator-research,/b/accelerator-application/science-application/accelerator-research,/b/facility-life-cycle/2-3_commissioning,2025,2035,,,leptons / electrons,photons,315,,,,,,,,,,,,,,,,,"",01: preparation,,
flashforward,/b/facility/accelerator-based-facility/photon-source/free-electron-laser,flash,community/desy,,flash,false,false,FLASHForward,FLASHForward,Zukunftsweisende Plasmabeschleuniger-Forschung und -Entwicklung bei FLASH,Future-Oriented Wakefield Accelerator Research and Developement at FLASH,"Testinfrastruktur für teilchenstrahlgetriebene Plasma-Wakefield-Beschleunigungsexperimente, die darauf abzielen, in einigen Zentimetern ionisiertem Wasserstoff Elektronenstrahlen mit Energien von mehr als 1,5 GeV und einer ausreichenden Qualität für den Betrieb eines Freie-Elektronen-Lasers zu erzeugen","Testinfrastruktur für teilchenstrahlgetriebene Plasma-Wakefield-Beschleunigungsexperimente, die darauf abzielen, in einigen Zentimetern ionisiertem Wasserstoff Elektronenstrahlen mit Energien von mehr als 1,5 GeV und einer ausreichenden Qualität für den Betrieb eines Freie-Elektronen-Lasers zu erzeugen",/b/accelerator-application/science-application/accelerator-research,"",/b/facility-life-cycle/3-1_operation,2018,,,,leptons / electrons,photons,,,,,,,,,,,,,,,,,,"",01: preparation,,
franz,/b/facility/accelerator-based-facility/neutron-source,,community/uni-frankfurt,,,false,false,FRANZ,FRANZ,Neutronenquelle Frankfurt,Frankfurt Neutron Source,"FRANZ ist eine protonenstrahlgetriebene Neutronenquelle an der Universität Frankfurt. Sie beschleunigt Protonen mit Wiederholraten von bis zu 250 kHz (100-ns-Pulse), mit einer Strahlenergie von etwa 2 MeV und einem Strahlstrom von 30 mA. Die ersten Neutronen aus FRANZ werden im Juli 2025 erwartet.","RFQ-IH-based high-current proton accelerator to produce a very intense neutron beam. FRANZ is a proton-beam-driven neutron source at the University of Frankfurt. It accelerates protons  at repetition rates up to 250 kHz (100 ns pulses), with a beam energy of around 2 MeV and a beam current of 30 mA. First neutrons from FRANZ are expected in July 2025.","","",/b/facility-life-cycle/2-2_construction,2025,,,,ions / protons,neutrons,,,,,,,,,,,,,,,,https://exp-astro.physik.uni-frankfurt.de/index.php?id=expFRANZ,,"",01: preparation,,
hbns,/b/facility/accelerator-based-facility/neutron-source/compact-accelerator-based-neutron-source,,community/fz-juelich,,,true,false,HBNS,HBNS,Hochbrillante Neutronenquelle,High Brilliance Neutron Source,High Brilliance Neutron Source,High Brilliance Neutron Source,/b/accelerator-application/science-application/matter-research/neutron-science,"",/b/facility-life-cycle/1_design,,,,,ions / protons,neutrons,,,,,,,,,,,,,,,,,,"",01: preparation,,
hit,/b/facility/accelerator-based-facility/medical-facility,,,,,true,false,HIT,HIT,Heidelberger Ionenstrahl-Therapiezentrum ,Heidelberg Ion Beam Therapy Centre ,Heidelberger Ionenstrahl-Therapiezentrum ,Heidelberger Ionenstrahl-Therapiezentrum ,/b/accelerator-application/medical-application,"",/b/facility-life-cycle/3-1_operation,2009,,,,"","",,,,,,,,,,,,,,,,,,"",01: preparation,,
hzdr-ibc,/b/facility/accelerator-based-facility/ion-beam-facility,,community/hzdr,,,false,false,IBC,IBC,Ionenstrahlzentrum ,Ion Beam Center ,,,"","",/b/facility-life-cycle/3-1_operation,,,,,ions,"",,,,,,,,,,,,,,,,,,"",01: preparation,,
ilc,/b/accelerator/linear-accelerator,,,,,true,true,ILC,ILC,Internationaler Linearbeschleuniger,International Linear Collider,,,/b/accelerator-application/science-application/research-of-the-smallest-particles,"",/b/facility-life-cycle/1-2-2_technically-designed,2040,2060,,,"leptons / electrons,leptons / positrons","",31000000,,,,,,,,500,31.5,,,,,,,,"",01: preparation,,
jeti,/b/facility/laser-facility,,community/uni-jena,,,false,false,JETI,JETI,Jena Titanium:sapphire 40 TW Laser,Jena Titanium:sapphire 40 TW Laser,,,/b/accelerator-application/science-application/accelerator-research,"",/b/facility-life-cycle/3-1_operation,,,,,photons,"",,,,,,,,,,,,,,,,,,"",01: preparation,,
kaldera,/b/accelerator-component/laser,,community/desy,,,false,false,KALDERA,KALDERA,Hochleistungs-Laser für Plasma-Beschleunigung,High-power laser for plasma acceleration,Laser zum Betrieb eines Laser-Plasma-Beschleunigers mit ultraschnellen Laserpulsen mit Spitzenleistungen von 100 Terawatt und Wiederholraten bis zu 1 kHz. Projektstart: 2020. ,Laser for operating a laser plasma accelerator with ultra-fast laser pulses with peak powers of 100 terawatts and repetition rates of up to 1 kHz. Project start: 2020.,/b/accelerator-application/science-application/accelerator-research,"",/b/facility-life-cycle/2-2_construction,2020,,,,"","",,,,,,,,,,,,,,,,,,"",01: preparation,,
kit-atp/kara,/b/facility/accelerator-based-facility/photon-source,,community/kit,,,false,false,KARA,KARA,Karlsruhe Research Accelerator KARA,Karlsruhe Research Accelerator KARA,"Der Karlsruhe Research Accelerator (KARA) ist ein Speicherring für Elektronenstrahlen im Energiebereich von 500 bis 2.500 MeV, der für die Beschleunigerforschung und als Quelle für intensive elektromagnetische Synchrotronstrahlung genutzt wird. ","The Karlsruhe Research Accelerator (KARA) is a storage ring for electron beams in the energy range of 500 to 2,500 MeV, used for accelerator research and as a source of intense electromagnetic synchrotron radiation. ",/b/accelerator-application/science-application/accelerator-research,/b/accelerator-application/science-application/matter-research/photon-science,/b/facility-life-cycle/3-1_operation,2000,,,,leptons / electrons,photons,110,500000000,2500000000,,,,,,,,,,,,,,,"",01: preparation,,
kit-atp,/b/facility/facility-complex,,community/kit,,,false,false,KIT ATP,KIT ATP,KIT Accelerator Technology Platform,KIT Accelerator Technology Platform,,,/b/accelerator-application/science-application/accelerator-research,"",/b/facility-life-cycle/3-1_operation,,,,,"","",,,,,,,,,,,,,,,,,,"",01: preparation,,
lux,/b/facility/accelerator-based-facility/photon-source,,community/desy,,,false,false,LUX,LUX,Laser-getriebener Plasma-Beschleuniger,Laser-driven plasma accelerator,Testanlage für die Entwicklung von laserplasmagestützten Injektoren für Synchrotronlichtquellen,Test facility for the development of laser plasma-assisted injectors for synchrotron light sources,/b/accelerator-application/science-application/accelerator-research,"",/b/facility-life-cycle/3-1_operation,2017,,,,photons,leptons / electrons,,,400000000,,,,,,,,,,,,,,,"",01: preparation,,
mami,/b/accelerator/microtron,,community/uni-mainz,,,true,false,MAMI,MAMI,Mainzer Mikrotron,Mainzer Mikrotron,,,/b/accelerator-application/science-application/research-of-the-smallest-particles/hadron-physics,/b/accelerator-application/science-application/accelerator-research,/b/facility-life-cycle/3-1_operation,1979,,,,leptons / electrons,"",,,,,,,,,1.5,,,,,,,,,"",01: preparation,,
kit-atp/mcf/lasmaglab,/b/facility,kit-atp/mcf,community/kit,,kit-atp/mcf,false,false,LASMagLab,LASMagLab,,,"Messplatz nach neuestem Stand der Technik für normalleitende und permanente Beschleunigermagnete, der mehrere Techniken wie 3D-Hallsonden-Scans, Messungen mit gestrecktem Draht und Feldintegralmessungen mit rotierender Spule integriert. ","State-of-the-art measurement bench for normal conducting and permanent accelerator magnets that integrates multiple techniques such as 3D Hall probe scans, stretched wire and rotating coil field integral measurements. ",/b/accelerator-application/science-application/accelerator-research,"",/b/facility-life-cycle/3-1_operation,,,,,"","",,,,,,,,,,,,,,,,,,"",01: preparation,,
mesa,/b/accelerator/erl,,community/uni-mainz,,,true,false,MESA,MESA,Mainz Energy-Recovering Superconducting Accelerator,Mainz Energy-Recovering Superconducting Accelerator,,,/b/accelerator-application/science-application/research-of-the-smallest-particles/hadron-physics,/b/accelerator-application/science-application/accelerator-research,/b/facility-life-cycle/2-2_construction,2023,2030,,,leptons / electrons,"",,,,,,,,,0.155,,,,,,,https://www.mesa.uni-mainz.de/#teilchenbeschleuniger,,"",01: preparation,,
mit,/b/facility/accelerator-based-facility/medical-facility/beam-therapy/proton-beam-therapy,,,,,true,false,MIT,MIT,Marburger Ionenstrahl-Therapiezentrum ,Marburger Ionenstrahl-Therapiezentrum ,Marburger Ionenstrahl-Therapiezentrum ,Marburger Ionenstrahl-Therapiezentrum ,/b/accelerator-application/medical-application,"",/b/facility-life-cycle/3-1_operation,2015,,,,ions,"",,,,,,,,,,,,,,,,,,"",01: preparation,,
mls,/b/facility/accelerator-based-facility/photon-source/synchrotron-light-source,,community/hzb,,,true,false,MLS,MLS,Metrology Light Source,Metrology Light Source,"Speicherring für Elektronen mit Energien zwischen 105 Millionen und 630 Millionen Elektronenvolt und einem Umfang von 48 Metern. Der MLS speichert Strahlungsintensitäten von einem einzelnen Elektron bis zu mehreren zehn Milliarden Elektronen, wobei die Intensität der emittierten Strahlung den entsprechenden Bereich abdeckt. Da die Eigenschaften der emittierten Strahlung nach ersten Prinzipien berechnet werden können, dient die MLS als „Standardkerze“ für die Kalibrierung anderer Quellen oder Spektrometer.","Storage ring for electrons with energies between 105 million and 630 million electronvolts and a circumference of 48 metres. The MLS stores beam intensities ranging from a single electron to tens of billions of electrons, with the intensity of the emitted radiation covering the corresponding range. Since the properties of the emitted radiation can be calculated from first principles, the MLS serves as a _standard candle_ for the calibration of other sources or spectrometers.",/b/accelerator-application/metrology,"",/b/facility-life-cycle/3_operation_and_maintenance,2008,,,,leptons / electrons,photons,,,,,,,,,,,,,,,,,,"",01: preparation,,
dac/petra-4,/b/facility/accelerator-based-facility/photon-source/synchrotron-light-source/4th-generation,dac,community/desy,dac/petra-3,dac,true,true,PETRA IV,PETRA IV,Synchrotronstrahlungsquelle der 4. Generation für harte Röntgenstrahlung,,,,/b/accelerator-application/science-application/matter-research/photon-science,"",/b/facility-life-cycle/2-1_preparation,2027,2040,,,leptons / electrons,photons,2304,,,,,,,,,,,,,,,,,"",01: preparation,,
phelix,/b/facility/laser-facility,,community/gsi,,,false,false,PHELIX,PHELIX,PW-class laser PHELIX with dedicated plasma accelerator,PW-class laser PHELIX with dedicated plasma accelerator,,,/b/accelerator-application/science-application/accelerator-research,"",/b/facility-life-cycle/3-1_operation,2008,,,,photons,"",,,,,,,,,,,,,,,,,,"",01: preparation,,
plasmedx,/b/facility/accelerator-based-facility/photon-source,,,,,true,false,PLASMED X,PLASMED X,Plasmabasierte lasergetriebene Röntgenquelle für die medizinische Bildgebung ,Plasma-based laser-driven X-ray source for medical imaging ,,,/b/accelerator-application/medical-application,"",/b/facility-life-cycle/2-1_preparation,,,,,leptons / electrons,photons,,,,,,,,,,,,,,,,,,"",01: preparation,,
polaris,/b/facility/laser-facility,,community/hij,,,false,false,POLARIS,POLARIS,Petawatt-Laserverstärker für strahlungsintensive Experimente,Petawatt Optical Laser Amplifier for Radiation Intensive ExperimentS,,,/b/accelerator-application/science-application/accelerator-research,"",/b/facility-life-cycle/2_realization,,,,,"","",,,,,,,,,,,,,,,,,,"",01: preparation,,
dac/regae,/b/accelerator/linear-accelerator,dac,community/desy,,dac,true,false,REGAE,REGAE,Relativistische Elektronenquelle für die Untersuchung von Atomen ,Relativistic Electron Gun for Atomic Exploration ,"Quelle für ultrakurze Elektronenpulse für die Beschleunigungsforschung sowie für Experimente zur zeitaufgelösten Beugung an Kristallen, Flüssigkeiten und Oberflächen. Das Akronym REGAE steht für _Relativistic Electron Gun for Atomic Exploration_.","Source of ultra-short electron pulses for accelerator research and time-resolved diffraction experiments on crystals, liquids and surfaces. The acronym REGAE stands for _Relativistic Electron Gun for Atomic Exploration_.",/b/accelerator-application/science-application/research-of-the-smallest-particles/hadron-physics,"",/b/facility-life-cycle/3-1_operation,2011,,,,leptons / electrons,"",,,,,,,,,,,,,,,,,,"",01: preparation,,
s-dalinac,/b/accelerator/erl,,community/tu-darmstadt,,,false,false,S-DALINAC,S-DALINAC,Supraleitender Linearbeschleuniger in Darmstadt,Superconducting-DArmstadt-LINear-ACcelerator,"Supraleitender Elektronenbeschleuniger, der sowohl im Dauerstrich- als auch im Energierückgewinnungs-Modus betrieben werden kann. ","Supraleitender Elektronenbeschleuniger, der sowohl im Dauerstrich- als auch im Energierückgewinnungs-Modus betrieben werden kann. ",/b/accelerator-application/science-application/accelerator-research,"",/b/facility-life-cycle/3-1_operation,1991,,,,leptons / electrons,"",,,,,,,,,,,,,,,,,,"",01: preparation,,
supralab,/b/facility/cryogenic-facility,,community/hzb,,,false,false,Supralab,Supralab,"Testinfrastruktur für Beschleuniger, supraleitende Hochfrequenzsysteme und kryogene Anwendungen","Test infrastructure for accelerator devices, superconducting radio-frequency systems and cryogenic applications",Testinfrastruktur für supraleitende Hochfrequenzsysteme,Testinfrastruktur für supraleitende Hochfrequenzsysteme,/b/accelerator-application/science-application/accelerator-research,"",/b/facility-life-cycle/3_operation_and_maintenance,2017,,,,"","",,,,,,,,,,,,,,,,,,"",01: preparation,,
uni-jena-ibc,/b/facility/accelerator-based-facility/ion-beam-facility,,community/uni-jena,,,false,false,Ionenstrahlzentrum Uni Jena,Ion Beam Centre University of Jena,,,,,"","",,,,,,"","",,,,,,,,,,,,,,,,,,"",01: preparation,,
uptd,/b/facility/accelerator-based-facility/medical-facility/beam-therapy/proton-beam-therapy,,,,,true,false,UPTD,UPTD,Universitäts Protonen Therapie Dresden,University Proton Therapy Dresden,Universitäts-Protonen-Therapie Dresden,Universitäts-Protonen-Therapie Dresden,/b/accelerator-application/medical-application,"",/b/facility-life-cycle/3-1_operation,2014,,,,ions / protons,"",,,,,,,,,,,,,,,,,,"",01: preparation,,
wpe,/b/facility/accelerator-based-facility/medical-facility/beam-therapy/proton-beam-therapy,,,,,true,false,WPE,WPE,Westdeutsches Protonentherapiezentrum Essen,West German Proton Therapy Centre Essen,Westdeutsches Protonentherapiezentrum Essen,Westdeutsches Protonentherapiezentrum Essen,/b/accelerator-application/medical-application,"",/b/facility-life-cycle/3-1_operation,2013,,,,ions / protons,"",,,,,,,,,,,,,,,,,,"",01: preparation,,
kit-atp/kara/01-microtron,/b/accelerator/microtron/circular-microtron,kit-atp/kara,community/kit,,kit-atp/kara,false,false,KARA/01: Mikrotron,KARA/01: Microtron,KARA-Mikrotron (1. Stufe des KARA-Beschleunigerkomplexes),KARA-Microtron (1st stage of the KARA accelerator complex),"Das Kara-Mikrotron ist der erste der beiden Vorbeschleuniger für den KARA-Speicherring, mit dem Elektronen aus einer Elektronenquelle von 0,093 MeV auf 53 MeV beschleunigt werden.",The first stage of pre-acceleration at KARA consists of a microtron that accelerates electrons from 0.093 MeV to 53 MeV.,/b/accelerator-application/science-application/accelerator-research,/b/accelerator-application/science-application/matter-research/photon-science,/b/facility-life-cycle/3-1_operation,2000,,,,leptons / electrons,photons,,93000,53000000,,,,,,,,,,,,,,,"",01: preparation,,
kit-atp/kara/02-booster-synchrotron,/b/accelerator/synchrotron/booster-synchrotron,kit-atp/kara,community/kit,,kit-atp/kara,false,false,KARA/02: Booster-Synchrotron,KARA/02: Booster Synchrotron,KARA Booster-Synchrotron (2. Stufe des KARA-Beschleunigerkomplexes),KARA booster synchrotron (2nd stage of the KARA accelerator complex),"Der Karlsruhe Research Accelerator (KARA) ist ein Speicherring für Elektronenstrahlen im Energiebereich von 500 bis 2.500 MeV, der für die Beschleunigerforschung und als Quelle für intensive elektromagnetische Synchrotronstrahlung genutzt wird. ","The Karlsruhe Research Accelerator (KARA) is a storage ring for electron beams in the energy range of 500 to 2,500 MeV, used for accelerator research and as a source of intense electromagnetic synchrotron radiation. ",/b/accelerator-application/science-application/accelerator-research,/b/accelerator-application/science-application/matter-research/photon-science,/b/facility-life-cycle/3-1_operation,2000,,,,leptons / electrons,photons,110,53000000,500000000,,,,,,,,,,,,,,,"",01: preparation,,
kit-atp/kara/03-storage-ring,/b/accelerator/synchrotron/storage-ring,kit-atp/kara,community/kit,,kit-atp/kara,false,false,KARA/03: Speicherring,KARA/03: Storage Ring,KARA-Speicherring (Endstufe des KARA-Beschleunigerkomplexes),Karlsruhe Research Accelerator KARA,"Der Karlsruhe Research Accelerator (KARA) ist ein Speicherring für Elektronenstrahlen im Energiebereich von 500 bis 2.500 MeV, der für die Beschleunigerforschung und als Quelle für intensive elektromagnetische Synchrotronstrahlung genutzt wird. ","The Karlsruhe Research Accelerator (KARA) is a storage ring for electron beams in the energy range of 500 to 2,500 MeV, used for accelerator research and as a source of intense electromagnetic synchrotron radiation. ",/b/accelerator-application/science-application/accelerator-research,/b/accelerator-application/science-application/matter-research/photon-science,/b/facility-life-cycle/3-1_operation,2000,,,,leptons / electrons,photons,110,500000000,2500000000,,,,,,,,,,,,,,,"",01: preparation,,
kit-atp/mcf,/b/facility/magnet-facility,kit-atp,community/kit,,kit-atp,false,false,MCF,MCF,Magnet Characterization Facilities,Magnet Characterization Facilities,"Das MCF umfasst Prüfstände für supraleitende, normalleitende und permanentmagnetische Systeme bei Raumtemperatur, in flüssigem Helium (LHe) und ohne Kryogen.","Das MCF umfasst Prüfstände für supraleitende, normalleitende und permanentmagnetische Systeme bei Raumtemperatur, in flüssigem Helium (LHe) und ohne Kryogen.",/b/accelerator-application/science-application/accelerator-research,"",/b/facility-life-cycle/3-1_operation,,,,,"","",,,,,,,,,,,,,,,,,,"",01: preparation,,
kit-atp/mcf/casper-1,/b/facility/cryogenic-facility,kit-atp/mcf,community/kit,,kit-atp/mcf,false,false,CASPER I,CASPER I,,,"Testanlage, in der Spulen mit maximalen Abmessungen von 35 cm Länge und 30 cm Durchmesser zu Testzwecken in flüssiges Helium getaucht werden können (Quench-Tests und lokale Feldmessungen)",Test facility where coils with maximum dimensions of 35 cm length and 30 cm diameter can be immersed in liquid helium for testing (quench tests and local field measurements),/b/accelerator-application/science-application/accelerator-research,"",/b/facility-life-cycle/3-1_operation,,,,,"","",,,,,,,,,,,,,,,,,,"",01: preparation,,
kit-atp/mcf/casper-2,/b/facility/cryogenic-facility,kit-atp/mcf,community/kit,,kit-atp/mcf,false,false,CASPER II,CASPER II,,,"Horizontaler, kryogenfreier Prüfstand für die Qualitätszertifizierung von neuen supraleitenden Systemen und Einschubgeräten bis zu 2 Metern Länge. ","Horizontal, cryogen-free test stand  for quality certification of new superconducting systems and insertion devices up to 2 metres in length. ",/b/accelerator-application/science-application/accelerator-research,"",/b/facility-life-cycle/3-1_operation,,,,,"","",,,,,,,,,,,,,,,,,,"",01: preparation,,
bessy-2/01-electron-gun,/b/accelerator/linear-accelerator,bessy-2_1,community/hzb,,bessy-2_1,true,true,BESSY-II/01: Elektronenquelle,BESSY-II/01: Electron Gun,BESSY-II Elektronenquelle (1. Stufe des BESSY-II-Beschleunigerkomplexes),BESSY-II electron gun (1st stage of the BESSY-II accelerator complex),Synchrotron-Strahlungsquelle der dritten Generation für weiche Röntgenstrahlung,Synchrotron-Strahlungsquelle der dritten Generation für weiche Röntgenstrahlung,/b/accelerator-application/science-application/matter-research/photon-science,"",/b/facility-life-cycle/3-1_operation,1998,,,,leptons / electrons,"",,,,,,,20000,,,,,,,,,,,"",01: preparation,,
bessy-2/02b-linac,/b/accelerator/linear-accelerator,bessy-2_1,community/hzb,,bessy-2_1,true,true,BESSY-II/02b: Linac,BESSY-II/02b: Linac,BESSY-II-Linac (2. Stufe des BESSY-II-Beschleunigerkomplexes),BESSY-II linac (2nd stage of the BESSY-II accelerator complex),Synchrotron-Strahlungsquelle der dritten Generation für weiche Röntgenstrahlung,Synchrotron-Strahlungsquelle der dritten Generation für weiche Röntgenstrahlung,/b/accelerator-application/science-application/matter-research/photon-science,"",/b/facility-life-cycle/3_operation_and_maintenance,1998,,,,leptons / electrons,"",0.24,,,,,,20000,,,,,,,,,,,"",01: preparation,,
bessy-2/02a-racetrack-microtron,/b/accelerator/microtron/racetrack-microtron,bessy-2_1,community/hzb,,bessy-2_1,true,true,BESSY-II/02a: Microtron,BESSY-II/02b: Microtron,BESSY-II Microtron (2. Stufe des BESSY-II-Beschleunigerkomplexes),BESSY-II microtron (2nd stage of the BESSY-II accelerator complex),Synchrotron-Strahlungsquelle der dritten Generation für weiche Röntgenstrahlung,Synchrotron-Strahlungsquelle der dritten Generation für weiche Röntgenstrahlung,/b/accelerator-application/science-application/matter-research/photon-science,"",/b/facility-life-cycle/4-1-2_replaced_by_upgrade,1998,,,,leptons / electrons,"",0.24,,,,,,20000,,,,,,,,,,,"",01: preparation,,
bessy-2/03-booster-synchrotron,/b/accelerator/synchrotron/booster-synchrotron,bessy-2_1,community/hzb,,bessy-2_1,true,true,BESSY-II/03: Booster-Synchrotron,BESSY-II/03: Booster Synchrotron,BESSY-II-Booster-Synchrotron (3. Stufe des BESSY-II-Beschleunigerkomplexes),BESSY-II booster synchrotron (3rd stage of the BESSY-II accelerator complex),Synchrotron-Strahlungsquelle der dritten Generation für weiche Röntgenstrahlung,Synchrotron-Strahlungsquelle der dritten Generation für weiche Röntgenstrahlung,/b/accelerator-application/science-application/matter-research/photon-science,"",/b/facility-life-cycle/3_operation_and_maintenance,1998,,,,leptons / electrons,"",0.24,,,,,,20000,,,,,,,,,,,"",01: preparation,,
bessy-2/04-storage-ring,/b/accelerator/synchrotron/storage-ring,bessy-2_1,community/hzb,,bessy-2_1,true,true,BESSY-II/04: Speicherring,BESSY-II/04: Storage Ring,BESSY-II-Speicherring (Endstufe des BESSY-II-Beschleunigerkomplexes),BESSY-II storage ring (final stage of the BESSY-II accelerator complex),"Speicherring für Elektronen in einem Energiebereich von 0,9 bis 1,9 Milliarden Elektronenvolt und einem Umfang von 240 Meter.",Storage ring for electrons in an energy range of 0.9 to 1.9 billion electron volts and a circumference of 240 metres.,/b/accelerator-application/science-application/matter-research/photon-science,"",/b/facility-life-cycle/3_operation_and_maintenance,1998,,,,leptons / electrons,photons,240,,1700000000,,,,20000,,,,,,,,,,,"",01: preparation,,
cac/awake__run-2,/b/acceleration/drive/plasma-based-acceleration/plasma-based_beam-driven_acceleration,,community/cern,cac/awake,cac/awake,false,false,AWAKE (Run 2),AWAKE,Fortgeschrittenes plasmabasiertes protonengetriebenes Beschleuningungsexperiment ,Advanced proton driven plasma Wakefield Acceleration Experiment ,"Machbarkeitsstudie über die Verwendung von Plasma-Wakefields, die von einem Protonenstrahl angetrieben werden, um geladene Teilchen zu beschleunigen.",Feasibility study on the use of plasma wakefields driven by a proton beam to accelerate charged particles.,/b/accelerator-application/science-application/accelerator-research,"",/b/facility-life-cycle/3-1_operation,2021,,,,ions / protons,leptons / electrons,,,,,,,,,,,,,,,,https://home.cern/science/accelerators/awake,,"",01: preparation,,
bessy-2-vsr,/b/facility/accelerator-based-facility/photon-source/synchrotron-light-source/3rd-generation,,community/hzb,bessy-2,bessy-2,true,true,BESSY II/VSR,BESSY II/VSR,Variabler Pulslängenspeicherring ,Variable pulse length storage ring,,,/b/accelerator-application/science-application/matter-research/photon-science,"",,,,,2023,leptons / electrons,photons,,,,,,,20000,,,,,,,,,,,"",01: preparation,,
lux/agnus,/b/accelerator-component/laser,lux,community/desy,,lux,false,false,ANGUS,ANGUS,Titan-Saphir-Laser ANGUS,Titanium-sapphire laser ANGUS,"Titan-Saphir-Lasersystem, das Lichtpulse mit einer Energie von bis zu 5 Joule und einer Dauer von etwa 30 Femtosekunden liefert",Titanium-sapphire laser system delivering pulses of up to 5 joules of energy with a pulse duration of about 30 femtoseconds,/b/accelerator-application/science-application/accelerator-research,"",/b/facility-life-cycle/3-1_operation,2017,,,,photons,leptons / electrons,,,,,,,,,,,,,,,,,,"",01: preparation,,
juSPARC/mira,/b/facility/laser-facility,juSPARC,community/fz-juelich,,juSPARC,false,false,JuSPARC VEGA,JuSPARC VEGA,JuSPARC VEGA,JuSPARC VEGA,,,"","",/b/facility-life-cycle/3-1_operation,2019,,,,photons,"",,,,,,,,,,,,,,,,,,buscher_etal__2020__jusparc_julich_shortpulsed,01: preparation,,
myrrha,/b/facility/accelerator-based-facility/accelerator-driven-nuclear-reactor,,,,,false,false,MYRRHA,MYRRHA,Beschleunigergetriebener Kernreaktor,Accelerator-driven nuclear reactor,"MYRRHA (Multi-purpose hYbrid Research Reactor for High-tech Applications) ist das weltweit erste großtechnische beschleunigergetriebene System (ADS), das aus einem unterkritischen Kernreaktor besteht, der von einem Hochleistungs-Linearbeschleuniger angetrieben wird. Bei der unterkritischen Konzentration des Spaltmaterials wird die Kernreaktion ausschließlich durch den Teilchenbeschleuniger aufrechterhalten. Das Abschalten des Protonenstrahls führt zu einem sofortigen und sicheren Stillstand der Kernreaktionen.","MYRRHA (Multi-purpose hYbrid Research Reactor for High-tech Applications) is the world’s first large scale Accelerator Driven System (ADS) that consists of a subcritical nuclear reactor driven by a high power linear accelerator. With the subcritical concentration of fission material, the nuclear reaction is sustained by the particle accelerator only. Turning off the proton beam results in an immediate and safe halt of the nuclear reactions.","","",/b/facility-life-cycle/2_realization,,,,,"","",,,,,,,0,,,,,,,,,,,"",01: preparation,,
light@gsi,/b/facility/accelerator-based-facility/photon-source/free-electron-laser/seeded,,community/gsi,,,false,false,LIGHT@GSI,LIGHT@GSI,"Laser Ion Generation, Handling and Transport","Laser Ion Generation, Handling and Transport",,,"","",/b/facility-life-cycle/3-1_operation,,,,,"","",,,,,,,0,,,,,,,,,,,"",01: preparation,,
fair/nesr,/b/accelerator/synchrotron/storage-ring,fair,community/fair,,fair,true,true,NESR,ESR,Neuer Experimentierspeicherring ,New Experimental Storage Ring,,,/b/accelerator-application/science-application/research-of-the-smallest-particles/hadron-physics,"",/b/facility-life-cycle/2-2_construction,,,,,ions / protons,"",,,,,,,,,,,,,,,,,,"",01: preparation,,
eu-xfel,/b/facility/accelerator-based-facility/photon-source/free-electron-laser,,community/eu-xfel,,,true,true,European XFEL,European XFEL,Europäische Freie-Elektronen-Röntgenlaseranlage,European X-Ray Free-Electron Laser Facility,,,/b/accelerator-application/science-application/matter-research/photon-science,"",/b/facility-life-cycle/3_operation_and_maintenance,2017,2030,,,leptons / electrons,photons,3400,,,,,,10,,,,,,,,,,,"",01: preparation,,
cac/awake__run-1,/b/acceleration/drive/plasma-based-acceleration/plasma-based_beam-driven_acceleration,,community/cern,cac/awake,cac/awake,false,false,AWAKE (Run 1),AWAKE (Run 1),Fortgeschrittenes plasmabasiertes protonengetriebenes Beschleuningungsexperiment ,Advanced proton driven plasma Wakefield Acceleration Experiment ,"Machbarkeitsstudie über die Verwendung von Plasma-Wakefields, die von einem Protonenstrahl angetrieben werden, um geladene Teilchen zu beschleunigen.",Feasibility study on the use of plasma wakefields driven by a proton beam to accelerate charged particles.,/b/accelerator-application/science-application/accelerator-research,"",/b/facility-life-cycle/4-1_replaced_by_upgrade,2016,2018,,,ions / protons,leptons / electrons,,,,,,,,,,,,,,,,https://home.cern/science/accelerators/awake,,"",01: preparation,,
bessy-2_1,/b/facility/accelerator-based-facility/photon-source/synchrotron-light-source/3rd-generation,,community/hzb,bessy-2,bessy-2,true,true,BESSY II,BESSY II,Berliner Elektronenspeicherring für Synchrotronstrahlung II,Berlin electron storage ring for synchrotron radiation II,Synchrotron-Strahlungsquelle der dritten Generation für weiche Röntgenstrahlung,Synchrotron-Strahlungsquelle der dritten Generation für weiche Röntgenstrahlung,/b/accelerator-application/science-application/matter-research/photon-science,"",/b/facility-life-cycle/3-1_operation,1998,2020,,,leptons / electrons,photons,240,,,,,,20000,,,,,1e-10,9000,,,,,10.1140/epjp/s13360-023-03957-8,01: preparation,,
eu-xfel__1.0,/b/facility/accelerator-based-facility/photon-source/free-electron-laser,,community/eu-xfel,eu-xfel,eu-xfel,true,true,European XFEL,European XFEL,Europäische Freie-Elektronen-Röntgenlaseranlage,European X-Ray Free-Electron Laser Facility,,,/b/accelerator-application/science-application/matter-research/photon-science,"",/b/facility-life-cycle/3_operation_and_maintenance,2017,2030,,,leptons / electrons,photons,3400,,,,,,10,,,,,,,,,,,"",01: preparation,,
esrf__1.0,/b/facility/accelerator-based-facility/photon-source/synchrotron-light-source/3rd-generation,,community/esrf,esrf,esrf,true,false,ESRF,ESRF,European Synchrotron Radiation Facility,European Synchrotron Radiation Facility,European Synchrotron Radiation Facility,European Synchrotron Radiation Facility,/b/accelerator-application/science-application/matter-research/photon-science,"",/b/facility-life-cycle/4-1_replaced_by_upgrade,1995,2019,,,leptons / electrons,photons,844,,,,,,,,,,,,,,,,,"",01: preparation,,
flash-1,/b/facility/accelerator-based-facility/photon-source/free-electron-laser,,community/desy,flash,flash,true,true,FLASH,FLASH,Freie-Elektronen-Laser in Hamburg (FLASH),Free electron-laser in Hamburg,Free electron-laser in Hamburg,Free electron-laser in Hamburg,/b/accelerator-application/science-application/matter-research/photon-science,/b/accelerator-application/science-application/accelerator-research,/b/facility-life-cycle/4-1_replaced_by_upgrade,2005,2019,,,leptons / electrons,photons,315,,,,,,,,,,,,,,,,,"",01: preparation,,
anka,/b/facility/accelerator-based-facility/photon-source/synchrotron-light-source/3rd-generation,,community/kit,,,false,false,ANKA,ANKA,Angströmquelle Karlsruhe,Angströmquelle Karlsruhe,,,"","",/b/facility-life-cycle/4-1-2_replaced_by_upgrade,1999,2015,,,leptons / electrons,photons,,,,,,,0,,,,,,,,,,,"",02.01: sending prereview request,,
dac/petra-3,/b/facility/accelerator-based-facility/photon-source/synchrotron-light-source/3rd-generation,dac,community/desy,dac/petra,dac,true,true,PETRA III,PETRA III,Synchrotronstrahlungsquelle der 3. Generation für harte Röntgenstrahlung,,,,/b/accelerator-application/science-application/matter-research/photon-science,"",/b/facility-life-cycle/3-1_operation,2000,2025,,,leptons / electrons,photons,2304,,,,,,,,,,,,,,,,,"",01: preparation,,
bessy-2-plus,/b/facility/accelerator-based-facility/photon-source/synchrotron-light-source/3rd-generation,,community/hzb,bessy-2,bessy-2,true,true,BESSY II+,BESSY II+,Modernisierungs- und Aufrüstungsinitiative für BESSY II,Modernization and upgrade initiative for BESSY II,"BESSY II Plus (BESSY II+) ist eine umfassende Modernisierungs- und Aufrüstungsinitiative für die Synchrotronlichtquelle BESSY II am Helmholtz-Zentrum Berlin. Das Projekt zielt darauf ab, die wissenschaftlichen Fähigkeiten von BESSY II in den Jahren bis zum Bau und der Inbetriebnahme des Nachfolgers BESSY III, der 2035 in Betrieb gehen soll, zu sichern und zu verbessern.

Der Umfang der Modernisierung des Beschleunigerkomplexes umfasst sowohl allgemeine Verbesserungen - wie den Austausch der unterbrechungsfreien Stromversorgung - als auch die Einführung fortschrittlicher Beschleunigertechnologien.

Im Rahmen einer europäischen Zusammenarbeit zwischen ALBA, DESY und dem HZB wurde ein normalleitender 1,5-GHz-Resonator (HHC) mit einem HOM-Dämpfer entwickelt. Der von ALBA entworfene und beschaffte Prototyp, der am HZB HF-getestet wurde, wird seit Herbst 2022 erfolgreich mit Strahl getestet und für den Nutzerbetrieb bereitgestellt. Diese Technologie ist für den Einsatz bei BESSY III vorgesehen und ermöglicht die gleichzeitige Speicherung von kurzen und langen Paketen.

Eine fortgeschrittene Digitalisierung, die einen digitalen Zwilling als zentrale Schnittstelle nutzt, wird eine effizientere Inbetriebnahme und den Betrieb der Anlage unterstützen.

Zur Verbesserung der Nachhaltigkeit wird der Ersatz eines energieintensiven Biegeelektromagneten in der Übertragungsleitung zwischen Booster und Speicherring in Erwägung gezogen. Angesichts der spezifischen Anforderungen der PTB an die Biegestrahlungsquelle in der Metrologie wird auch über den Ersatz von zwei Hauptbögen eines Doppelbogens diskutiert.","BESSY II Plus (BESSY II+) is a comprehensive modernization and upgrade initiative for the BESSY II synchrotron light source at Helmholtz-Zentrum Berlin. The project aims to safeguard and enhance BESSY II’s scientific capabilities in the years leading up to the construction and commissioning of its successor, BESSY III, which is scheduled to begin operation around 2035.

The scope of modernization for the accelerator complex includes general upgrades-such as replacing the uninterruptible power supply-as well as the introduction of advanced accelerator technologies.

In a European collaboration between ALBA, DESY, and HZB, a normal-conducting 1.5 GHz higher harmonic cavity (HHC) with a HOM damper has been developed. The prototype, designed and procured by ALBA and RF-tested at HZB, has been successfully tested with beam and conditioned for user operation since autumn 2022. This technology is intended for use at BESSY III, enabling the simultaneous storage of short and long bunches.

Advanced digitalization, utilizing a digital twin as a central interface, will support more efficient commissioning, startup, and operation of the facility.

To improve sustainability, the replacement of an energy-intensive bending electromagnet in the transfer line between the booster and storage ring is under consideration. Given the PTB’s specific requirements for the bending radiation source in metrology applications, there are also discussions about replacing two main bends of one double-bend-achromat section with permanent magnets.
",/b/accelerator-application/science-application/matter-research/photon-science,"",/b/facility-life-cycle/2_realization,2028,2035,,2023,leptons / electrons,photons,240,,,,,,20000,,,,,1e-10,2000,,,,,10.1140/epjp/s13360-023-03957-8,01: preparation,,
fair/cryring@esr,/b/accelerator/synchrotron/storage-ring,fair,community/fair,,fair,false,true,CRYRING@ESR,CRYRING@ESR,Schwerionenspeicherring bei FAIR,Heavy ion storage ring at FAIR,"Der Schwerionenspeicherring CRYRING@ESR ist Teil des FAIR-Anlagen-Komplexers. Dort können Ionen aus dem ESR auf niedrige Energien (bis zu einigen 100 keV/u) abbremst, gekühlt und gespeichert werden. Der Ring wurde von 1991 bis 2010 an der Universität Stockholm betrieben. Im Rahmen des Beitrags Schwedens zum FAIR-Projekt wurde die Anlage zwischen 2013 und 2016 bei GSI modernisiert und aufgebaut.","The CRYRING@ESR heavy ion storage ring is part of the FAIR facility complex. Here, ions from the ESR can be slowed down to low energies (up to a few 100 keV/u), cooled and stored. The ring was operated at Stockholm University from 1991 to 2010. As part of Sweden's contribution to the FAIR project, the facility was modernized and set up at GSI between 2013 and 2016.","","",/b/facility-life-cycle/2-2_construction,,,,,"","",54,,,,,,,,,,,,,,,,,"",01: preparation,,
dac/desy-2-test-beam-facility,/b/accelerator-component/particle-source,dac,community/desy,,dac,false,false,DESY-II Teststrahl-Anlage,DESY-II Test Beam Facility,,,"Eine der wenigen Teststrahlanlagen weltweit, die Elektronen und Positronen im GeV–Bereich bereitstellt. Umfangreiche Strahldiagnostik und andere Instrumentierung stehen bereit.","Die DESY-II Test Beam Facility ist eine der wenigen Teststrahlanlagen weltweit, die Elektronen und Positronen im GeV–Bereich bereit stellt. Umfangreiche Strahldiagnostik und andere Instrumentierung stehen bereit.","","",/b/facility-life-cycle/3-1_operation,1987,,,,"leptons / electrons,leptons / positrons","",,,,,,,,,,,,,,,,,,10.1016/j.nima.2018.11.133,01: preparation,,
dac/pia,/b/accelerator/synchrotron/storage-ring,dac,community/desy,,dac,false,false,PIA,PIA,Positronen-Intensitäts-Akkumulator / PETRA-Vorbeschleuniger,Positron intensity Accumulator,,,"","",/b/facility-life-cycle/3-1_operation,1987,,,,"leptons / electrons,leptons / positrons","",28.8,,,,,,,,,,,,,,,,,"",01: preparation,,
pitz,/b/accelerator-component/particle-source,,community/desy,,,false,false,PITZ,PITZ,Photo Injector Test Facility at Zeuthen,Photo Injector Test Facility at Zeuthen,,,"","",/b/facility-life-cycle/3-1_operation,,,,,"","",,,,,,,,,,,,,,,,,,"",01: preparation,,
dac/desy-2,/b/accelerator/synchrotron,dac,community/desy,dac/desy,dac,false,false,DESY II,DESY II,Vorbeschleuniger für PETRA III,Preaccelerator for PETRA III,,,"","",/b/facility-life-cycle/3-1_operation,1987,1987,,,"","",,,,,,,,,,,,,,,,,,"",01: preparation,,
dac/doris,/b/accelerator/synchrotron/storage-ring,dac,community/desy,,dac,false,false,DORIS,DORIS,,,,,"","",/b/facility-life-cycle/4-2-2_decommissioned,1974,,,,"","",,,,,,,,,,,,,,,,,,"",01: preparation,,
dac/hera,/b/facility/accelerator-based-facility/particle-collider/circular-particle-collider,dac,community/desy,,dac,false,false,HERA,HERA,,,,,"","",/b/facility-life-cycle/4-2-2_decommissioned,1992,,,,"","",,,,,,,,,,,,,,,,,,"",01: preparation,,
dac/petra,/b/facility/accelerator-based-facility/particle-collider/circular-particle-collider,dac,community/desy,,dac,true,false,PETRA,PETRA,Positron-Electkon Tandem Ringanlage,Positron-Electron Tandem Ring Accelerator,,,"","",/b/facility-life-cycle/4-1-2_replaced_by_upgrade,1978,,,,"","",,,,,,,,,,,,,,,,,,"",01: preparation,,
dac/desy,/b/accelerator/synchrotron,dac,community/desy,,dac,false,false,DESY,DESY,,,,,"","",/b/facility-life-cycle/4-1-1_being_replaced_by_upgrade,1964,1978,,,"","",,,,,,,,,,,,,,,,,,"",01: preparation,,
dac,/b/accelerator/accelerator-complex,,community/desy,,,false,false,DESY-Beschleunigerkomplex,DESY Accelerator Comldex,,,,,"","",/b/facility-life-cycle/3-1_operation,,,,,"","",,,,,,,,,,,,,,,,,,"",01: preparation,,
