id,parent__id,term.de,term.en,definition.de,definition.en,abbreviations.en,abbreviations.de,synonyms.en,synonyms.de,iris,taxonomyURI,review.status__id,review.reviewer__contactsId,review.log
befidesh/acceleration/accelerating-process/,befidesh/acceleration/accelerating-process,Beschleunigungsprozess,Acceleration Process,Elektrisch geladene Teilchen können durch verschiedene elektromagnetische Prozesse beschleunigt werden.,Electrically charged particles can be accelerated via various electromagnetic processes. ,"","","","","",befidesh,01: preparation,,
befidesh/acceleration/accelerating-process/induction-acceleration/,befidesh/acceleration/accelerating-process/induction-acceleration,Induktionsbeschleunigung,Induction Acceleration,"Die Induktionsbeschleunigung ist eine Methode zur Beschleunigung geladener Teilchen mit Hilfe zeitlich veränderlicher Magnetfelder, wobei die beschleunigenden elektrischen Felder durch wechselnde Magnetflüsse erzeugt werden. Dieses Prinzip wird in der Regel in Induktionsbeschleunigern angewandt, die entweder linear oder kreisförmig aufgebaut sein können.","Induction acceleration refers to a method of accelerating charged particles using time-varying magnetic fields, where the accelerating electric fields are generated by changing magnetic fluxes. This principle is commonly employed in induction accelerators, which can be either linear or circular in design.","","","","","",befidesh,01: preparation,,
befidesh/acceleration/accelerating-process/electrodynamic-acceleration/cavity-based-acceleration/cavity-based_radiofrequency-driven_acceleration/superconducting-cavity-based-acceleration/cavity-based_radiofrequency-driven_acceleration,befidesh/acceleration/accelerating-process/electrodynamic-acceleration/cavity-based-acceleration/cavity-based_radiofrequency-driven_acceleration/superconducting-cavity-based-acceleration,Resonator-basierte Beschleunigung,Resonator-Based Acceleration,"Bei der hohlraumbasierten Beschleunigung werden Metallkammern verwendet, in denen dynamische elektromagnetische Felder Energie auf Teilchen übertragen, die den Hohlraum durchqueren.",Cavity Based Acceleration uses metallic chambers containing dynamic electromagnetic fields to transfer energy to particles passing through the cavity.,"","","","","",befidesh,01: preparation,,
befidesh/acceleration/accelerating-process/electrodynamic-acceleration/cavity-based-acceleration/,befidesh/acceleration/accelerating-process/electrodynamic-acceleration/cavity-based-acceleration,Hochfrequenz-Rresonator-basierte  Beschleunigung,Radio Frequency Resonator Based Acceleration,,,"","","","","",befidesh,01: preparation,,
befidesh/acceleration/accelerating-process/electrodynamic-acceleration/cavity-based-acceleration/cavity-based_radiofrequency-driven_acceleration/,befidesh/acceleration/accelerating-process/electrodynamic-acceleration/cavity-based-acceleration/cavity-based_radiofrequency-driven_acceleration,supraleitende Hochfrequenz-Rresonator-basierte Beschleunigung,Superconducting Radio Frequency Resonator Based Acceleration,,,"","","","","",befidesh,01: preparation,,
befidesh/acceleration/accelerating-process/electrodynamic-acceleration/cavity-based-acceleration/cavity-based_terahertz-driven_acceleration,befidesh/acceleration/accelerating-process/electrodynamic-acceleration/cavity-based-acceleration,Terahertz-Resonator-basierte Beschleunigung,Terahertz Frequency Resonator Based Acceleration,,,"","","","","",befidesh,01: preparation,,
befidesh/acceleration/accelerating-process/electrodynamic-acceleration/nanophotonic-acceleration,befidesh/acceleration/accelerating-process/electrodynamic-acceleration,nanophotonische Beschleunigung,Nanophotonic Acceleration,"Nanophotonische Beschleunigung, auch dielektrische Laserbeschleunigung (DLA) genannt, beruht auf der Verwendung ultrakurzer Laserpulse zur Anregung starker dynamischer elektromagnetischer Felder in siliziumbasierten Nanostrukturen. Diese starken Felder können dann Teilchen beschleunigen, die durch die Strukturen hindurchfliegen.","Nanophotonic acceleration, also known as dielectric laser acceleration (DLA), is based on the use of ultrashort laser pulses to excite strong dynamic electromagnetic fields in silicon-based nanostructures. These strong fields can then accelerate particles that fly through the structures.","","","","","",befidesh,01: preparation,,
befidesh/acceleration/accelerating-process/electrostatic-acceleration,befidesh/acceleration/accelerating-process,Elektrostatische Beschleunigung,Electrostatic Acceleration,"Geladene Teilchen werden beschleunigt, wenn zwischen einem Elektrodenpaar ein statisches Hochspannungspotenzial herrscht. Dieses Prinzip wird von [elektrostatischen Beschleunigern](#/accelerator/electrostatic-accelerator/) genutzt.",Charged particles are accelerated when there is a static high voltage potential between a pair of electrodes. This process is utilized by [electrostatic accelerators](#/accelerator/electrostatic-accelerator/).,"","","","","",befidesh,01: preparation,,
befidesh/acceleration/accelerating-process/plasma-based-acceleration/,befidesh/acceleration/accelerating-process/plasma-based-acceleration,Plasmabasierte Beschleunigung,Plasma-Based Acceleration,"In Plasmen, ionisierten Gasen aus geladenen Teilchen, können extrem starke elektrische Felder erzeugt werden, wenn sie durch äußere Antriebskräfte wie Laserpulse oder Teilchenstrahlen gestört werden. Diese Felder können genutzt werden, um Teilchen auf hohe Energien zu beschleunigen.","Inside plasmas, ionised gases of charged particles, extremely strong electric fields can be generated when perturbed by external driving forces such as laser pulses or particle beams. These fields can be used to accelerate particles to high energies.","","","","","",befidesh,01: preparation,,
befidesh/acceleration/accelerating-process/plasma-based-acceleration/plasma-based_beam-driven_acceleration,befidesh/acceleration/accelerating-process/plasma-based-acceleration,plasmabasierte teilchenstrahlgetriebene Beschleunigung,Plasma-Based Beam-Driven Acceleration,"Plasmabasierte Beschleunigung unter Verwendung eines externen Teilchenstrahls als störende Antriebskraft,","Plasma-based acceleration using an external particle beam as the perturbative driving force,",PWFA,PWFA,"Plasma wakefield acceleration,PWFA",Plasma wakefield Beschleunigung,"",befidesh,01: preparation,,
befidesh/acceleration/accelerating-process/plasma-based-acceleration/plasma-based_laser-driven_acceleration,befidesh/acceleration/accelerating-process/plasma-based-acceleration,plasmabasierte lasergetriebene Beschleunigung,Plasma-Based Laser-Driven Acceleration,"Plasmabasierte Beschleunigung unter Verwendung eines Laserpulses als störende Antriebskraft,","Plasma-based acceleration using a laser pulse as a perturbing driving force,",LWFA,LWFA,Laser wakefield acceleration,Laser-Plasma-Beschleunigung,"",befidesh,01: preparation,,
befidesh/accelerator-application/,befidesh/accelerator-application,Einsatzbereich von Beschleunigern,Accelerator Application,,,"","","","","",befidesh,01: preparation,,
befidesh/accelerator-application/industrial-application/,befidesh/accelerator-application/industrial-application,Industrie,Industrial Applications,,,"","","","","",befidesh,01: preparation,,
befidesh/accelerator-application/industrial-application/manufacturing,befidesh/accelerator-application/industrial-application,Produktion und Materialbearbeitung,Manufacturing And Materials Processing,"Die Ionenimplantation ist in der Halbleiterindustrie für die Herstellung von digitaler Elektronik von entscheidender Bedeutung. Die Ionenimplantation wird auch zur Härtung von Schneidwerkzeugen und künstlichen menschlichen Gelenken sowie zur Veränderung der Oberflächen von Keramiken und Gläsern eingesetzt. Von Beschleunigern erzeugte Elektronenstrahlen werden für die Vernetzung und Polymerisation von Materialien, die Aushärtung von Tinten und Klebstoffen und den 3D-Druck von Metallen eingesetzt.","Ion Implantation is critical in the semiconductor industry for the fabrication of digital electronics. Ion implantation is also used to harden cutting tools and artificial human joints, and to modify the surfaces of ceramics and glasses. Accelerator-generated electron beams are used for cross-linking and polymerisation of materials, curing of inks and adhesives, and 3D printing of metals.","","","","","",befidesh,01: preparation,,
befidesh/accelerator-application/industrial-application/quality-control,befidesh/accelerator-application/industrial-application,Qualitätssicherung,Quality Control,,,"","","","","",befidesh,01: preparation,,
befidesh/accelerator-application/industrial-application/sterilization,befidesh/accelerator-application/industrial-application,Sterilisation,Sterilization,"Beschleunigererzeugte Elektronen- und Röntgenstrahlen werden zur Sterilisierung medizinischer Geräte, zur Konservierung und Desinfektion von Lebensmitteln sowie zur Behandlung und Reinigung von Abwässern eingesetzt.","Accelerator-generated electron beams and X-rays are used to sterilise medical equipment, preserve and disinfect food, and treat and purify waste water.","","","","","",befidesh,01: preparation,,
befidesh/accelerator-application/ion-beam-analysis,befidesh/accelerator-application,Ionenstrahlanalyse,Ion Beam Analysis,,,"","","","","",befidesh,01: preparation,,
befidesh/accelerator-application/medical-application/,befidesh/accelerator-application/medical-application,Gesundheit ,Health Application,,,"","","","","",befidesh,01: preparation,,
befidesh/accelerator-application/medical-application/proton-therapy,befidesh/accelerator-application/medical-application,Protonentherapie,Proton Therapy,Eine medizinische Anwendung von Beschleunigertechnologie,,"","","","","",befidesh,01: preparation,,
befidesh/accelerator-application/medical-application/radiosotope-production,befidesh/accelerator-application/medical-application,Radioisotopen-Produktion,Radiosotope Production,,,"","","","","",befidesh,01: preparation,,
befidesh/accelerator-application/metrology,befidesh/accelerator-application,Metrologie,Metrology,Grundlagen der Metrologie/Radiometrie Metrologie für die Industrie/EUV-Lithographie Forschung und Entwicklung für optische Technologien/Weltrauminstrumente Materialmetrologie/Nanometrologie,,"","","","","",befidesh,01: preparation,,
befidesh/accelerator-application/science-application/,befidesh/accelerator-application/science-application,Forschung,Science,,,"","","","","",befidesh,01: preparation,,
befidesh/accelerator-application/science-application/accelerator-research,befidesh/accelerator-application/science-application,Beschleunigerforschung,Accelerator Science,,,"","","","","",befidesh,01: preparation,,
befidesh/accelerator-application/science-application/nuclear-physics,befidesh/accelerator-application/science-application,Hadronen- und Kernphysik,Hadron And Nuclear Physics,,,"","","","","",befidesh,01: preparation,,
befidesh/accelerator-application/science-application/high-energy-physics,befidesh/accelerator-application/science-application,Teilchenphysik,High Energy Physics,,,"","","","","",befidesh,01: preparation,,
befidesh/accelerator-application/science-application/matter-research/neutron-science,befidesh/accelerator-application/science-application/matter-research,Materieforschung mit Neutronen,Matter Research With Neutrons,Nutzung von Neutronen zur Materieforschung,,"","","","","",befidesh,01: preparation,,
befidesh/accelerator-application/science-application/matter-research/photon-science,befidesh/accelerator-application/science-application/matter-research,Materieforschung mit Photonen,Matter Research With Photons,,,"","","","","",befidesh,01: preparation,,
befidesh/accelerator-application/security,befidesh/accelerator-application,Sicherheit,Security Applications,"Teilchenbeschleuniger spielen eine wichtige Rolle in verschiedenen sicherheitsrelevanten Bereichen. Durch die Erzeugung hochenergetischer Strahlen (z. B. Elektronen, Röntgenstrahlen, Gamma- oder Neutronenstrahlen) ermöglichen sie sowohl die Erkennung als auch die Abwehr von Bedrohungen",,"","","","","",befidesh,01: preparation,,
befidesh/accelerator-research-method/,befidesh/accelerator-research-method,Methode der Beschleunigerforschung,Accelerator Research Method,"Als interdisziplinäres Gebiet bedient sich die Beschleunigerforschung und -entwicklung eines breiten Spektrums von Methoden aus den Naturwissenschaften, der Informatik, der Mathematik und den Ingenieurwissenschaften.","As an interdisciplinary field, accelerator research and development draws on a wide range of methods from the natural sciences, computer science, mathematics and engineering.","","","","","",befidesh,01: preparation,,
befidesh/accelerator-research-subfield/beam-dynamics,befidesh/accelerator-research-subfield,Strahldynamik,Beam Dynamics,"Die Strahldynamik befasst sich mit dem Verständnis und der Kontrolle des Verhaltens von Teilchenstrahlen in Beschleunigern. Dazu gehören die Untersuchung von Teilchenbewegungen und -flugbahnen, die Entwicklung von Techniken zur Strahlfokussierung und -lenkung sowie die Analyse von Strahlinstabilitäten und deren Eindämmung.","Beam dynamics focuses on understanding and controlling the behaviour of particle beams in accelerators. This includes the study of particle motion and trajectories, the development of beam focusing and steering techniques, and the analysis of beam instabilities and their mitigation.","","","","","",befidesh,01: preparation,,
befidesh/accelerator-research-subfield/cryogenic-engineering,befidesh/accelerator-research-subfield,Kältetechnik,Cryogenic Engineering,"Kältetechnik befasst sich mit Temperaturen um -160 °C und darunter, bei denen Gase eine flüssige Form annehmen und als „kryogen“ bezeichnet werden. Sie befasst sich mit der Verflüssigung von Gasen wie Stickstoff, ihrer Lagerung und ihrer Lieferung an den Ort der Verwendung. In der Beschleunigerforschung spielt die Kältetechnik eine entscheidende Rolle für den Betrieb von Beschleunigern mit supraleitenden Komponenten.","Cryogenic engineering focuses on temperatures around -160°C and below, where gases take on a liquid form and are referred to as ""cryogenic"". It involves the study of the liquefaction of gases such as nitrogen, their storage and their delivery to the point of use. In accelerator research, cryogenics plays a vital role in the operation of accelerators with superconducting components.","","","","","",befidesh,01: preparation,,
befidesh/accelerator-research-subfield/geodesy-and-alignment,befidesh/accelerator-research-subfield,Vermessung und Justierung,Geodesy And Alignment,"Vermessung und Justierung spielen eine entscheidende Rolle beim Erreichen der extremen Präzision, die für moderne Teilchenbeschleuniger erforderlich ist, und wirken sich direkt auf  Strahlqualität und  Versuchsergebnisse aus. Die Vermessung definiert die Koordinatenreferenzsysteme, zu denen alle Komponenten positioniert werden. Die relative Justierung erfordert oft eine Genauigkeit im Submillimeterbereich über große Entfernungen und jahrelange Betriebsdauer.","Geodesy and alignment play a critical role in achieving the extreme precision required for modern particle accelerators, directly affecting beam quality and experimental results. Geodesy defines the coordinate reference systems to which all components are positioned. Relative alignment often requires sub-millimetre accuracy over long distances and years of operation.","","","","","",befidesh,01: preparation,,
befidesh/accelerator-research-subfield/instrumentation-and-diagnostics,befidesh/accelerator-research-subfield,Strahldiagnose und Instrumentierung,Beam Diagnostics And Instrumentation,,,"","","","","",befidesh,01: preparation,,
befidesh/accelerator-research-subfield/magnet-technology,befidesh/accelerator-research-subfield,Magnetentwicklung und -optimierung,Magnet Development And Optimization,,,"","","","","",befidesh,01: preparation,,
befidesh/accelerator-research-subfield/operations-and-control,befidesh/accelerator-research-subfield,Beschleunigerbetrieb und -kontrolle,Accelerator Operation And Control,"Der Bereich Beschleunigerbetrieb und -steuerung umfasst die Entwicklung von Steuerungssystemen für den Beschleunigerbetrieb, die Verbesserung der Zuverlässigkeit und Effizienz von Beschleunigern und die Anwendung von Techniken des maschinellen Lernens zur Optimierung von Beschleunigern.","Accelerator operations and control includes developing control systems for accelerator operations, improving accelerator reliability and efficiency, and implementing machine learning techniques for accelerator optimization.","","","","","",befidesh,01: preparation,,
befidesh/accelerator-research-subfield/vacuum-technology,befidesh/accelerator-research-subfield,Vakuumtechnik,Vacuum Technology,,,"","","","","",befidesh,01: preparation,,
befidesh/accelerator-component/,befidesh/accelerator-component,Beschleunigerkomponente,Accelerator Component,,,"","","","","",befidesh,01: preparation,,
befidesh/accelerator-component/beam-monitor/,befidesh/accelerator-component/beam-monitor,Strahlmonitor,Beam Monitoring,"Strahlmonitore sind wichtige Diagnoseinstrumente, die in Teilchenbeschleunigern eingesetzt werden, um das Verständnis und die Optimierung von Teilchenstrahlen zu gewährleisten. Je nachdem, ob die Position, die Energie oder die Intensität von Teilchenstrahlen oder das Quer- oder Längsprofil von Teilchenpaketen gemessen werden soll, kommen verschiedene Arten von Instrumenten zum Einsatz.","Beam monitors are essential diagnostic instruments used in particle accelerators to ensure understanding and optimisation of particle beams. Different types of instruments are employed depending on whether the position, energy or intensity of particle beams, or the transverse or longitudinal profile of particle bunches are to be measured.","","","","","",befidesh,01: preparation,,
befidesh/accelerator-component/beam-monitor/energy-monitor,befidesh/accelerator-component/beam-monitor,Strahl Energie Monitor,Beam Energy Monitor,,,"","","","","",befidesh,01: preparation,,
befidesh/accelerator-component/beam-monitor/halo-monitor,befidesh/accelerator-component/beam-monitor,Strahl-Halogen-Monitor,Beam Halo Monitor,,,"","","","","",befidesh,01: preparation,,
befidesh/accelerator-component/collimator,befidesh/accelerator-component,Kollimator,Collimator,,,"","","","","",befidesh,01: preparation,,
befidesh/accelerator-component/laser,befidesh/accelerator-component,Laser,Laser,,,"","","","","",befidesh,01: preparation,,
befidesh/accelerator-component/magnet,befidesh/accelerator-component,Magnet,Magnet,Magnete erfüllen in Teilchenbeschleunigern wichtige Funktionen. Dipolmagnete lenken die Flugbahn geladeneer Teilcehn ab und ermöglichen ringförmige Anlagen sowie die Extraktion von Teilchen. Quadrupolmagnete dienen der Fokussierung der Teilchenstrahlen. Sextupolmagnete und weitere Korrekturmagnete dienen der Feinanpassung.,,"","","","","",befidesh,01: preparation,,
befidesh/accelerator-component/magnet/dipole-magnet,befidesh/accelerator-component/magnet,Dipolmagnet,Dipole Magnet,Dipolmagnete erzeugen ein homogenes Magnetfeld zur Strahlablenkung. as Magnetfeld muss präzise an die Art der Teilchen und deren Geschwindigkeit angepasst werden,,"","","","","",befidesh,01: preparation,,
befidesh/accelerator-component/magnet/kicker-magnet,befidesh/accelerator-component/magnet,Kicker-Magnet,Kicker Magnet,"Ein Kickermagnet ist ein spezialisierter Elektromagnet, der in Teilchenbeschleunigern verwendet wird, um Teilchenstrahlen schnell abzulenken oder umzuleiten. Sie erzeugen kurze, rechteckige Magnetfeldpulse mit sehr schnellen Anstiegs- und Abfallzeiten (typischerweise 10-100 Nanosekunden). Dadurch lassen sich einzelne Teilchenopakete in einen Teilchenstrahl einbringen oder aus ihm extrahieren. Kickermagnete spielen eine entscheidende Rolle bei der präzisen Kontrolle und Manipulation von Teilchenstrahlen in modernen Beschleunigeranlage",,"","","","","",befidesh,01: preparation,,
befidesh/accelerator-component/magnet/quadrupole-magnet,befidesh/accelerator-component/magnet,Quadrupol-Magnet,Quadrupole Magnet,"Ein Quadrupolmagnet ist eine spezielle Anordnung von vier Magnetpolen, die in Teilchenbeschleunigern und Strahlführungen zur Fokussierung von Teilchenstrahlen eingesetzt wird.  Er fokussiert den Strahl in einer Richtung (z. B. horizontal) und defokussiert ihn in der dazu senkrechten. Um eine Gesamtfokussierung zu erreichen, werden mehrere Quadrupole hintereinander angeordnet (FODO-Struktur).",,"","","","","",befidesh,01: preparation,,
befidesh/accelerator-component/magnet/sextupole-magnet,befidesh/accelerator-component/magnet,Sextupol-Magnet,Sextupole Magnet,"Ein Sextupolmagnet besteht aus sechs Magnetpolen, die abwechselnd als Nord- und Südpol um eine Mittelachse angeordnet sind. Sie werden oft in Kombination mit Quadrupolmagneten verwendet, um Fokussierungsfehler, die durch Energieunterschiede der Teilchen entstehen, auszugleichen (chromatische Abberation).",,"","","","","",befidesh,01: preparation,,
befidesh/accelerator-component/power-converters,befidesh/accelerator-component,Stromwandler,Power Converter,,,"","","","","",befidesh,01: preparation,,
befidesh/accelerator/,befidesh/accelerator,Beschleuniger,Accelerator,,,"","","","","",befidesh,01: preparation,,
befidesh/accelerator/accelerator-complex,befidesh/accelerator,Beschleunigerkomplex,Accelerator Complex,,,"","","","","",befidesh,01: preparation,,
befidesh/accelerator/cyclotron,befidesh/accelerator,Zyklotron,Cyclotron,,,"","","","","",befidesh,01: preparation,,
befidesh/accelerator/cyclotron/sector-cyclotron,befidesh/accelerator/cyclotron,Sektor-Zyklotron,Sector Cyclotron,,,"","","","","",befidesh,01: preparation,,
befidesh/accelerator/electrostatic-accelerator/,befidesh/accelerator/electrostatic-accelerator,Elektrostatischer Beschleuniger,Electrostatic Accelerator,,,"","","","","",befidesh,01: preparation,,
befidesh/accelerator/electrostatic-accelerator/cockcroft-walton-accelerator,befidesh/accelerator/electrostatic-accelerator,Cockcroft-Walton-Beschleuniger,Cockcroft-Walton Accelerator,,,"","","","","",befidesh,01: preparation,,
befidesh/accelerator/electrostatic-accelerator/dynamitron-accelerator,befidesh/accelerator/electrostatic-accelerator,Dynamitron-Beschleuniger,Dynamitron Accelerator,,,"","","","","",befidesh,01: preparation,,
befidesh/accelerator/electrostatic-accelerator/pelletron-accelerator,befidesh/accelerator/electrostatic-accelerator,Pelletron-Beschleuniger,Pelletron Accelerator,,,"","","","","",befidesh,01: preparation,,
befidesh/accelerator/electrostatic-accelerator/tandem-van-de-graaff-accelerator,befidesh/accelerator/electrostatic-accelerator,Tandem Van de Graaff Beschleuniger,Tandem Van De Graaff Accelerator,,,"","","","","",befidesh,01: preparation,,
befidesh/accelerator/electrostatic-accelerator/van-de-graaff-accelerator,befidesh/accelerator/electrostatic-accelerator,Van-de-Graaff-Beschleuniger,Van De Graaff Accelerator,,,"","","","","",befidesh,01: preparation,,
befidesh/accelerator/microtron,befidesh/accelerator,Mikrotron,Microtron,"Beschleuniger für vor allem Elektronen, bei dem die Teilchen wiederholt durch dieselbe Beschleunigungskomponente (in der Regel ein Mikrowellenresonator) beschleunigt werden. Die Wiederverwendung der Beschleunigungskomponente wird durch ein konstantes Magnetfeld ermöglicht, das die Teilchen auf einer geschlossenen Bahn hält. Mit zunehmender Teilchenenergie nimmt auch die Größe der Bahn zu. Die erreichbaren Energien sind daher durch die Größe des Geräts und die Magnetstärke begrenzt.","Accelerator, primarily for electrons, in which the particles are repeatedly accelerated by the same acceleration component (usually a microwave resonator). The reuse of the acceleration component is made possible by a constant magnetic field, which keeps the particles on a closed path. As the particle energy increases, the size of the path also increases. The achievable energies are therefore limited by the size of the device and the magnetic strength.","","","","","",befidesh,01: preparation,,
befidesh/accelerator/linear-accelerator/,befidesh/accelerator/linear-accelerator,Linearbeschleuniger,Linear Accelerator,,,"","",linac,Linac,"",befidesh,01: preparation,,
befidesh/accelerator/linac/high-power-proton-linac,befidesh/accelerator/linac,Hochleistungs-Protonen-Linac,High Power Proton Linac,,,"","","","","",befidesh,01: preparation,,
befidesh/accelerator/particle-decelerator,befidesh/accelerator,Teilchenverlangsamer,Particle Decelerator,"Ein Teilchenverlangsamer ist eine Art von Teilchenbeschleuniger, der Teilchen abbremst, anstatt sie zu schneller zu machen. Der Hauptzweck von Teilchenverzögerern besteht darin, Teilchen mit sehr niedriger Energie für präzise Messungen und Studien zu erzeugen, insbesondere in der Antimaterieforschung. Dies ermöglicht physikalische Grundlagenforschung, CPT-Symmetrietests und potenzielle Anwendungen wie die Krebstherapie mit Antimaterie.","A particle decelerator is a type of particle accelerator designed to slow down particles rather than speed them up. The main purpose of particle decelerators is to produce very low-energy particles for precise measurements and studies, particularly in antimatter research. This enables fundamental physics research, CPT symmetry tests and potential applications such as antimatter-based cancer therapy.","","","","","",befidesh,01: preparation,,
befidesh/accelerator/synchrotron/storage-ring/,befidesh/accelerator/synchrotron/storage-ring,Speicherring,Storage Ring,"Ein Beschleuniger, der auf dem Synchrotron-Prinzip beruht und dafür optimiert ist, einen Teilchenstrahl über einen Zeitraum von normalerweise einigen Stunden auf einer bestimmten Energie zu halten. ","An accelerator based on the synchrotron principle and optimized to maintain a particle beam at a certain energy over a period of time, usually several hours. ","","","","","",befidesh,01: preparation,,
befidesh/accelerator/synchrotron/,befidesh/accelerator/synchrotron,Synchrotron,Synchrotron,,,"","","An accelerator in which charged particles follow a fixed,closed-loop path by means of bending magnets. Because the kinetic energy of the particles is repeatedly increased by accelerating components,the magnetic field strength must be synchronously increased.","Ein Beschleuniger,in dem geladene Teilchen mit Hilfe von Ablenkmagneten eine fixe,in sich geschlossene Bahn verfolgen. Da die kinetische Energie der Teilchen durch Beschleunigungskomponenten immer wieder erhöht wird,muss die Magnetfeldstärke synchron erhöht werden.","",befidesh,01: preparation,,
befidesh/accelerator/synchrotron/booster-synchrotron,befidesh/accelerator/synchrotron,Booster-Synchrotron,Booster Synchrotron,"Ein Synchrotron, das als Vorbeschleuniger für ein größeres Synchrotron dient. ",A synchrotron that serves as a pre-accelerator for a larger synchrotron. ,"","","","","",befidesh,01: preparation,,
befidesh/facility/,befidesh/facility,Forschungsanlage,Research Facility,"Eine Forschungsanlage ist ein von einem Anbieter organisi rter Service, der Mittel für die Durchführung von Forschungs-, Versuchs- oder Entwicklungstätigkeiten bereitstellt.","A research facility is a service organized by a host that provides the means for conducting research, testing or development activities.","","","","","",befidesh,01: preparation,,
befidesh/facility/accelerator-based-facility/,befidesh/facility/accelerator-based-facility,Beschleunigerbasierte Anlage,Accelerator-based facility,"Anlage, in der ein oder mehrere Beschleuniger zur Erzeugung von Teilchenstrahlen zum Einsatz kommen.",Facility in which one or more accelerators are used to generate particle beams.,"","","","","",befidesh,01: preparation,,
befidesh/facility/accelerator-based-facility/accelerator-mass-spectrometer,befidesh/facility/accelerator-based-facility,Beschleuniger-Massenspektrometer,Accelerator Mass Spectrometer,"Eine beschleunigerbasierte Anlage, die einen Teilchenbeschleuniger, in der Regel einen Tandem-Beschleuniger, zur Messung seltener Isotope in extrem niedrigen Konzentrationen in kleinen Proben verwendet.","An accelerator-based facility that uses a particle accelerator, typically a tandem accelerator, to measure rare isotopes at extremely low concentrations in small samples.",AMS,AMS (accelerator mass spectrometer,"","","",befidesh,01: preparation,,
befidesh/facility/accelerator-based-facility/medical-facility/,befidesh/facility/accelerator-based-facility/medical-facility,Medizinische Anlage,Medical Facility,,,"","","","","",befidesh,01: preparation,,
befidesh/facility/accelerator-based-facility/medical-facility/beam-therapy/,befidesh/facility/accelerator-based-facility/medical-facility/beam-therapy,Strahlentherapeutische Einrichtung,Radiation Therapy Facility,,,"","","",Strahlentherapie,"",befidesh,01: preparation,,
befidesh/facility/accelerator-based-facility/medical-facility/beam-therapy/electron-beam-therapy,befidesh/facility/accelerator-based-facility/medical-facility/beam-therapy,Anlage für Elektronenbestrahlungstherapie,Electron Beam Therapy Facility,,,"","","",Elektronenbestrahlungstherapie,"",befidesh,01: preparation,,
befidesh/facility/accelerator-based-facility/medical-facility/beam-therapy/photon-beam-therapy,befidesh/facility/accelerator-based-facility/medical-facility/beam-therapy,Anlage für Photonenbestrahlungstherapie,Photon Radiation Therapy Facility,,,"","","",Photonen-Bestrahlungstherapie,"",befidesh,01: preparation,,
befidesh/facility/accelerator-based-facility/medical-facility/beam-therapy/proton-beam-therapy,befidesh/facility/accelerator-based-facility/medical-facility/beam-therapy,Anlage für Protonenbestrahlungstherapie,Proton Beam Therapy Facility,,,"","","",Protonenbestrahlungstherapie,"",befidesh,01: preparation,,
befidesh/facility/accelerator-based-facility/medical-facility/radioisotope-cyclotron,befidesh/facility/accelerator-based-facility/medical-facility,Laborzyklotron zur Erzeugung von Radionukliden oder für die Protonentherapie,Radioisotope Cyclotron,,,"","",Radioisotope Cyclotron,Laborzyklotron,"",befidesh,01: preparation,,
befidesh/facility/accelerator-based-facility/neutron-source/,befidesh/facility/accelerator-based-facility/neutron-source,Neutronenquelle,Neutron Source,,,"","","","","",befidesh,01: preparation,,
befidesh/facility/accelerator-based-facility/neutron-source/compact-accelerator-based-neutron-source,befidesh/facility/accelerator-based-facility/neutron-source,Kompakte Beschleuniger-Neutronenquelle,Compact Accelerator Neutron Source,,,CANS,CANS,"","","",befidesh,01: preparation,,
befidesh/facility/accelerator-based-facility/neutron-source/spallation-neutron-source,befidesh/facility/accelerator-based-facility/neutron-source,Spallationsneutronenquelle,Spallation Neutron Source,,,"","","","","",befidesh,01: preparation,,
befidesh/facility/accelerator-based-facility/particle-collider/,befidesh/facility/accelerator-based-facility/particle-collider,Teilchen-Collider,Particle Collider,"In einem Teilchen-Collider werden zwei entgegengesewtzt beschleunigte Teilchenstrahlen zusammenführt, so dass die Teilchen miteinander kollidieren können. Im Vergleich zu Anlagen, bei denen ein beschleungter Teilchenstrahl auf ein ruhendes Ziel stößt, können Collider höhere Kollisionsenergien erreichen. Kollider können entweder aus Ringbeschleunigern oder Linearbeschleunigern bestehene.",,"","","","","",befidesh,01: preparation,,
befidesh/facility/accelerator-based-facility/particle-collider/circular-particle-collider,befidesh/facility/accelerator-based-facility/particle-collider,Ring-Collider,Circular Particle Collider,,,"","","","","",befidesh,01: preparation,,
befidesh/facility/accelerator-based-facility/particle-collider/circular-particle-collider/muon-collider,befidesh/facility/accelerator-based-facility/particle-collider/circular-particle-collider,Myon-Collider,Muon Collider,"Ein Myon-Collider ist ein ringbasierter Doppelbeschleuniger, in dem Myonen (elektronenähnliche Teilchen mit der 206-fachen Masse) zur Kollision gebracht werden. Das Konzept befindet sich derzeit in der Konzeptionsphase und hat gegenüber Elektronencollidern wesentliche Vorteile. Aufgrund der höheren Masse verlieren die Teilchen weniger Energie durch  Synchrotronstrahlung, so dass ein 10 km Myon-Collider ähnliche Energien erreichen könnte wie ein 90 km Protonen-Collider. Die größten technischen Herausforderungen sind die kurze Lebensdauer der Myonen (2,2 µs), die eine schnelle Beschleunigung erfordert. Außerdem wird eine kontinuierliche Myonenquelle benötigt. Trotz der technischen Herausforderungen zeigen diese Fortschritte, dass ein Myon-Collider eine realistische Option für zukünftige Hochenergiephysik-Experimente sein könnte.",,"","","","","",befidesh,01: preparation,,
befidesh/facility/accelerator-based-facility/particle-collider/higgs-factory,befidesh/facility/accelerator-based-facility/particle-collider,Higgs-Fabrik,Higgs Factory,"Als Higgs-Fabrik wird die dem LHC-nachfolgende Generation eines Teilchen-Colliders für die Hochenergiephysik bezeichnet, bei der anstelle von Protonen Elektronen und ihre Antiteilchen kollidieren.",,"","","","","",befidesh,01: preparation,,
befidesh/facility/accelerator-based-facility/particle-collider/linear-particle-collider,befidesh/facility/accelerator-based-facility/particle-collider,Linearcollider,Linear Collider,"Ein Linear-Collider ist eine Doppelbeschleuniger-Anlage, die aus zwei Linear-Beschleunigern besteht.",,"","","","","",befidesh,01: preparation,,
befidesh/facility/accelerator-based-facility/photon-source/,befidesh/facility/accelerator-based-facility/photon-source,Beschleuniger-basierte Photonenquelle,Photon Source,"In beschleunigerbasierten Photonenquellen werden beschleunigte Teilchen genutzt, um hochintensive Lichtblitze für wissenschaftliche Untersuchungen zu erzeugen.  SIe sind unverzichtbare Werkzeuge für  Spitzenforschung in zahlreichen wissenschaftlichen Disziplinen und tragen wesentlich zu Innovationen in Bereichen wie Gesundheit, Energie, Umwelt und Informationstechnologie bei. Zwei Arten von Photonenquellen ergänzen sich in ihren Eigenschaften: Synchrotronquellen erzeugen kurze Lichtpulse mit hoher Gesamtintensität, Freie-Elektronen-Laser erzeugen ultrakurze, extrem intensive Laserblitze.",,"","","","","",befidesh,01: preparation,,
befidesh/facility/accelerator-based-facility/photon-source/free-electron-laser/,befidesh/facility/accelerator-based-facility/photon-source/free-electron-laser,Freie-Elektronen-Laser,Free-Electron Laser,"Freie-Elektronen Laser (FEL) sind beschleunigerbasierte Photonenquellen, die hochintensive, extrem kurze, laserartige Strahlungspulse erzeugen. Aufgrund der Kürze der Pulse lassen sich ultraschnelle Prozesse untersuchen.",,"","","","","",befidesh,01: preparation,,
befidesh/facility/accelerator-based-facility/photon-source/free-electron-laser/seeded,befidesh/facility/accelerator-based-facility/photon-source/free-electron-laser,Geimpfter Freie-Elektronen-Laser,Seeded Free-Electron Laser,,,"","","","","",befidesh,01: preparation,,
befidesh/facility/accelerator-based-facility/photon-source/synchrotron-light-source,befidesh/facility/accelerator-based-facility/photon-source,Synchrotronlichtquelle,Synchrotron Radiation Source,"Synchrotronstrahlungsquellen sind beschleunigerbasierte Photonenquellen, in denen Elektronen auf nahezu Lichtgeschwindigkeit beschleunigt und auf einer ringförmigen Bahn in einem Speicherring gehalten werden.  Durch Ablenkung der Elektronen in speziellen magnetischen Strukturen (Undulatoren und Wiggler) wird parallel zur Bewegungsrichtung Synchrotronstrahlung erzeugt.",,"","","","","",befidesh,01: preparation,,
befidesh/facility/accelerator-based-facility/photon-source/synchrotron-light-source/3rd-generation,befidesh/facility/accelerator-based-facility/photon-source/synchrotron-light-source,Synchrotronlichtquelle (3. Generation),Synchrotron Radiation Source (3rd Generation),,,"","","","","",befidesh,01: preparation,,
befidesh/facility/accelerator-based-facility/photon-source/synchrotron-light-source/4th-generation,befidesh/facility/accelerator-based-facility/photon-source/synchrotron-light-source,Synchrotronlichtquelle (4. Generation),Synchrotron Radiation Source (4th Generation),,,"","","","","",befidesh,01: preparation,,
befidesh/facility/laser-facility,befidesh/facility,Laseranlage,Laser Facility,,,"","","","","",befidesh,01: preparation,,
generic/funding-program/,generic/funding-program,Forschungsförderung,Funding Program,,,"","","","","",generic,01: preparation,,
generic/funding-program/bmbf/,generic/funding-program/bmbf,Förderprogramme des Bundesministeriums für Bildung und Forschung,Funding Program Of The German Ministry Of Education And Research,,,"","",BMBF Programmes,BMBF-Programme,"",generic,01: preparation,,
generic/funding-program/bmbf/erum/,generic/funding-program/bmbf/erum,BMBF-Rahmenprogramm zur Erforschung von Universum und Materie,Bmbf Framework Program For Research On The Universe And Matter (Erum),,,"","",Framework programme ErUM,Rahmenprogramm ErUM,"",generic,01: preparation,,
generic/funding-program/bmbf/erum/:erum-data,generic/funding-program/bmbf/erum,Aktionsplan ErUM-Data,Action Plan,"ErUM-Aktionsplan mit dem Ziel, das Potenzial von Daten und Digitalisierung bei der Erforschung von Universum und Materie an Forschungsinfrastrukturen voll auszuschöpfen. Der Fokus liegt auf der interdisziplinären Entwicklung und dem Transfer von digitalen Werkzeugen und Kompetenzen.",,"","","","","",generic,01: preparation,,
generic/funding-program/bmbf/erum/:erum-pro,generic/funding-program/bmbf/erum,Aktionsplan ErUM-Pro,Action Plan Erum-Pro,"ErUM-Aktionsplan für die Projektförderung zur Vernetzung von Hochschulen, Forschungsinfrastrukturen und Gesellschaft",,"","","","","",generic,01: preparation,,
generic/funding-program/bmbf/erum/:erum-transfer,generic/funding-program/bmbf/erum,Aktionsplan ErUM-Transfer,Action Plan Erum-Transfer,"ErUM-Aktionsplan mit dem Ziel, das Potenzial neuer Erkenntnisse und Technologien aus der naturwissenschaftlichen Grundlagenforschung an Forschungsinfrastrukturen für Wirtschaft und Gesellschaft zu erschließen. Der Charakter der Neugier getriebenen Grundlagenforschung soll dabei erhalten bleiben.",,"","","","","",generic,01: preparation,,
generic/funding-program/dfg-funding-program/,generic/funding-program/dfg-funding-program,Förderprogramme der Deutschen Forschungsgemeinschaft (DFG),Funding Program Of The German Research Foundation (Dfg),,,"","","",DFG-Förderprogramme,"",generic,01: preparation,,
generic/funding-program/dfg-funding-program/cluster-of-excellence,generic/funding-program/dfg-funding-program,Exzellenzcluster,Cluster Of Excellence,,,"","","","","",generic,01: preparation,,
generic/funding-program/dfg-funding-program/research-training-groups,generic/funding-program/dfg-funding-program,Graduiertenkolleg,Research Training Group,Graduiertenkollegs sind von der DFG geförderte Programme der Hochschulen zur Unterstützung des wissenschaftlichen Nachwuchses. Sie konzentrieren sich auf die Qualifizierung von Promovierenden im Rahmen eines fokussierten Forschungsprogramms und einer strukturierten Ausbildungsstrategie.,Research Training Groups are DFG-funded  programmes set up by universities to support young researchers. They focus on the qualification of doctoral researchers within the framework of a focused research programme and a structured training strategy.,"","","","","",generic,01: preparation,,
generic/funding-program/eu/,generic/funding-program/eu,Förderprogramme der Europäischen Union,Funding Program Of The European Union,,,"","","","","",generic,01: preparation,,
generic/funding-program/eu/:fp6,generic/funding-program/eu,6. EU-Forschungsrahmenprogramm,6th Eu Research Framework Program,,,"","",FP6,FP6,"",generic,01: preparation,,
generic/funding-program/eu/:fp7,generic/funding-program/eu,7. EU-Forschungsrahmenprogramm,7th Eu Research Framework Program,,,"","",FP7,FP7,"",generic,01: preparation,,
generic/funding-program/eu/:horizon-2020,generic/funding-program/eu,Horizont 2020,Horizon 2020,"Horizont 2020 (2013 bis 2020) war das erste Rahmenprogramm für Forschung und Innovation. Es markiert einen Paradigmenwechsel hin zu einer wesentlich stärkeren Innovationsorientierung der Rahmenprogramme. Horizont 2020 deckt die gesamte Innovationskette ab: Von den ersten Ideen für die Grundlagenforschung bis hin zu fertig entwickelten neuartigen Produkten, Dienstleistungen und Verfahren für Markt und Gesellschaft bietet Horizont 2020 auf europäischer Ebene eine Vielzahl von effektiven Förder- und Unterstützungsmaßnahmen und schafft damit die besten Voraussetzungen für Innovationen.",,"","","","","",generic,01: preparation,,
generic/funding-program/eu/:horizon-europe,generic/funding-program/eu,Horizont Europa,Horizon Europe,"Horizont Europa (2021 bis 2027) ist das aktuelle Rahmenprogramm für Forschung und Innovation. Es gilt als das neunte Forschungsrahmenprogramm und es ist das zweite, das auch den Begriff Innovation im Titel trägt. Es ist das weltweit größte Einzelförderprogramm für Forschung und Innovation.",,"","","","","",generic,01: preparation,,
generic/funding-program/hgf/,generic/funding-program/hgf,Förderprogramme der Helmholtz-Gemeinschaft,By The Helmholtz Association,,,"","",Helmholtz funding programmes,Helmholtz Förderprogramme,"",generic,01: preparation,,
generic/funding-program/hgf/pof,generic/funding-program/hgf,Programmorientierte Förderung (PoF) in der Helmholtz-Gemeinschaft,Program Oriented Funding (Pof) Of The Helmholtz Association,"In der Programmorientierten Förderung der Helmholtz-Gemeinschaft (PoF) konkurrieren zentrenübergreifende Forschungsprogramme um Fördermittel. Die Beschleunigerforschung der insgesamt sieben in diesem Bereich aktiven Zentren ist im Programm ""Materie und Technologien"" gebündelt. 


","In the Helmholtz Association's programme-oriented funding (PoF), cross-centre research programmes compete for funding. The accelerator research of the seven centres active in this field is bundled in the ‘Matter and Technologies’ programme. ","","",HGF-PoF,HGF-PoF,"",generic,01: preparation,,
generic/information-content-entity/,generic/information-content-entity,Publikationstyp,Publication Type,,,"","","","",https://ontobee.org/ontology/IAO?iri=http://purl.obolibrary.org/obo/IAO_0000030,generic,01: preparation,,
generic/information-content-entity/database,generic/information-content-entity,Datenbank,Database,,,"","","","","",generic,01: preparation,,
generic/information-content-entity/report/,generic/information-content-entity/report,Bericht,Reports,,,"","","","","",generic,01: preparation,,
generic/information-content-entity/report/annual-report,generic/information-content-entity/report,Jahresbericht,Annual Report,,,"","","","","",generic,01: preparation,,
generic/information-content-entity/report/design-report/,generic/information-content-entity/report/design-report,Bericht zum Konzept,Design Report,,,"","","","","",generic,01: preparation,,
generic/information-content-entity/report/design-report/conceptual-design-report,generic/information-content-entity/report/design-report,Bericht zum konzeptionellen Gestaltungsplan,Conceptual Design Report,,,"","","","","",generic,01: preparation,,
generic/information-content-entity/report/design-report/technical-design-report,generic/information-content-entity/report/design-report,Bericht zum technischen Gestaltungsplan,Technical Design Report,,,"","","","","",generic,01: preparation,,
generic/information-content-entity/repository,generic/information-content-entity,Repository,Repository,,"A repository, often abbreviated as ""repo"", is a centralized digital storage location used to store, manage, and organize various types of data, files, and resources. ","","","","","",generic,01: preparation,,
generic/information-content-entity/strategies-and-roadmaps,generic/information-content-entity,Strategie und/oder Roadmap,Strategy And/Or Roadmap,,,"","","","","",generic,01: preparation,,
generic/information-content-entity/strategy-workshop-contributions,generic/information-content-entity,Beitrag zum Strategieworkshop,Strategy Workshop Paper,,,"","","","","",generic,01: preparation,,
generic/information-content-entity/thesis/,generic/information-content-entity/thesis,Abschlussarbeit,Thesis,,,"","","","","",generic,01: preparation,,
generic/information-content-entity/thesis/bachelor-thesis,generic/information-content-entity/thesis,Bachelor-Arbeit,Bachelor Thesis,,,"","","","","",generic,01: preparation,,
generic/information-content-entity/thesis/doctoral-thesis,generic/information-content-entity/thesis,Doktorarbeit,Doctoral Thesis,,,"","","","","",generic,01: preparation,,
generic/information-content-entity/thesis/doctoral-thesis/dr.-ing.,generic/information-content-entity/thesis/doctoral-thesis,Doktorarbeit (Dr.-Ing.),Doctoral Thesis (Dr.-Ing.),,,"","","","","",generic,01: preparation,,
generic/information-content-entity/thesis/doctoral-thesis/dr.rer.nat.,generic/information-content-entity/thesis/doctoral-thesis,Dissertation (Dr. rer. nat.),Doctoral Dissertation (Dr. Rer. Nat.),,,"","","","","",generic,01: preparation,,
generic/information-content-entity/thesis/doctoral-thesis/phd,generic/information-content-entity/thesis/doctoral-thesis,Doktorarbeit (PhD),Doctoral Thesis (Phd),,,"","","","","",generic,01: preparation,,
generic/information-content-entity/thesis/master-thesis,generic/information-content-entity/thesis,Masterarbeit,Masters Thesis,,,"","","","","",generic,01: preparation,,
generic/information-content-entity/website,generic/information-content-entity,Web-Präsenz,Web Page,,,"","","","","",generic,01: preparation,,
generic/organization/,generic/organization,Organisation,Organization,,,"","","","","",generic,01: preparation,,
generic/organization/committee,generic/organization,Komitee,Committee,"Gruppe von Personen, die von einer Organisation einberufen wird, um gemeinsam an bestimmten Aufgaben, Projekten oder Empfehlungen zu arbeiten. ","Group of people appointed by an organisation to work together on specific tasks, projects or recommendations. ","","","","","",generic,01: preparation,,
generic/organization/committee/erum-committee,generic/organization/committee,ErUM-Komitee,Erum Committee,,,"","","","","",generic,01: preparation,,
generic/organization/consortium,generic/organization,Konsortium,Consortium,,,"","","","",https://ise-fizkarlsruhe.github.io/nfdicore/#NFDI_0000006,generic,01: preparation,,
generic/organization/formal-organization,generic/organization,Formale Organisation,Formal Organization,,,"","","","","",generic,01: preparation,,
generic/organization/formal-organization/department,generic/organization/formal-organization,Abteilung,Department,,,"","","","","",generic,01: preparation,,
generic/organization/formal-organization/sub-department,generic/organization/formal-organization,Unterabteilung,Sub-Department,,,"","","","","",generic,01: preparation,,
generic/organization/funding-orgainzation,generic/organization,Forschungsförderer,Research Funder,,,"","","","","",generic,01: preparation,,
generic/organization/research-institution,generic/organization,Forschungseinrichtung,Research Institution,,,"","","","","",generic,01: preparation,,
generic/organization/university,generic/organization,Universität,University,,,"","","","","",generic,01: preparation,,
generic/organization/working-group,generic/organization,Arbeitsgruppe,Working Group,,,"","","","","",generic,01: preparation,,
generic/person/,generic/person,Person,Person,,,"","","","","",generic,01: preparation,,
generic/person/gender/,generic/person/gender,Geschlecht,Gender,,,"","","","","",generic,01: preparation,,
generic/person/gender/female,generic/person/gender,weiblich,Female,,,"","","","","",generic,01: preparation,,
generic/person/gender/male,generic/person/gender,männlich,Male,,,"","","","","",generic,01: preparation,,
generic/person/gender/non-binary,generic/person/gender,nicht-binär,Non-Binary,,,"","","","","",generic,01: preparation,,
generic/project/,generic/project,Projekt,Project,,A process of a scientific or business endeavor that aims to conclude an investigation or to answer a research question.,"","","","",https://ise-fizkarlsruhe.github.io/nfdicore/#NFDI_0000002,generic,01: preparation,,
befidesh/accelerator-research-topic/,befidesh/accelerator-research-topic,Themen der Beschleunigerforschung,Accelerator Research Topic,,,"","","","","",befidesh,01: preparation,,
befidesh/accelerator-research-topic/green-transformation,befidesh/accelerator-research-topic,Grüne Transformation,Green Transformation,,,"","","","","",befidesh,01: preparation,,
befidesh/accelerator-research-topic/magnets,befidesh/accelerator-research-topic,Magnete,Magnet,,,"","","","","",befidesh,01: preparation,,
befidesh/accelerator-research-topic/magnets/superconducting,befidesh/accelerator-research-topic/magnets,Supraleitende Magnete,Superconducting,,,"","","","","",befidesh,01: preparation,,
befidesh/accelerator-research-topic/plasma-acceleration,befidesh/accelerator-research-topic,Plasmabasierte Beschleunigung,Plasma Acceleration,,,"","","","","",befidesh,01: preparation,,
generic/strategic-issue/,generic/strategic-issue,Strategisches Thema,Strategic Issue,,,"","","","","",generic,01: preparation,,
generic/academic-teaching/,generic/academic-teaching,Akademische Lehre,Academic Teaching,,,"","","","","",generic,01: preparation,,
generic/academic-teaching/academic-study-programme/,generic/academic-teaching/academic-study-programme,Studiengang,Study Program,"Eine zusammenhängende Abfolge von Bildungsaktivitäten, die organisiert sind, um bestimmte Lernziele zu erreichen. Dazu können Lehrveranstaltungen, Module, Forschungsprojekte und weitere Bestandteile gehören.","A coherent set or sequence of educational activities, organized to achieve specific learning objectives, which may include courses, modules, research projects, and other components","","","","","",generic,01: preparation,,
generic/academic-teaching/academic-study-programme/bachelor-degree-programme,generic/academic-teaching/academic-study-programme,Bachelor-Studiengang,Bachelor Program,"Ein Studienprogramm an einer Hochschule oder Universität, das zu einem Bachelor-Abschluss. Es dauert in der Regel zwei bis vier Jahre.",A study program at a college or university that leads to a Bachelor's degree. It usually takes two to four years.,"","",Bachelor,Bachelor,"",generic,01: preparation,,
generic/academic-teaching/academic-study-programme/doctoral-programme,generic/academic-teaching/academic-study-programme,Doktorat,Doctoral Program,"Ein Studienprogramm, das zum höchsten akademischen Grad (Doktor/PhD) führt. Es konzentriert sich auf eigenständige Forschung und setzt in der Regel einen vorherigen Master-Abschluss voraus.",A study program leading to the highest academic degree (doctorate/PhD). It focuses on independent research and usually requires a previous Master's degree.,"","",Doctorate,Promotion,"",generic,01: preparation,,
generic/academic-teaching/academic-study-programme/doctoral-programme/graduiertenkolleg,generic/academic-teaching/academic-study-programme/doctoral-programme,Graduiertenkolleg,Research Training Group,"Graduiertenkollegs sind von der DFG finanziell geförderte Einrichtungen der Hochschulen zur frühzeitigen Nachwuchsförderung. Im Mittelpunkt steht die Qualifizierung von Promovierenden im Rahmen eines thematisch fokussierten Forschungsprogramms und eines strukturierten Qualifizierungskonzepts. Eine interdisziplinäre Ausrichtung der Graduiertenschulen ist erwünscht. Ziel ist es, die Promovierenden intensiv auf den komplexen wissenschaftlichen Arbeitsmarkt vorzubereiten und gleichzeitig ihre frühe wissenschaftliche Selbstständigkeit zu unterstützen.",Research Training Groups (Graduiertenkolleg) are university institutions funded by the DFG for the early promotion of young researchers. The focus is on the qualification of doctoral students within the framework of a thematically focused research programme and a structured qualification concept. An interdisciplinary orientation of the graduate schools is desirable. The aim is to prepare doctoral students intensively for the complex academic labour market and at the same time to support their early academic independence.,"","","","","",generic,01: preparation,,
generic/academic-teaching/academic-study-programme/doctoral-programme/graduiertenschule,generic/academic-teaching/academic-study-programme/doctoral-programme,Graduiertenkolleg,Graduate School,"Graduiertenkollegs sind von der DFG finanziell geförderte Einrichtungen der Hochschulen zur frühzeitigen Nachwuchsförderung. Im Mittelpunkt steht die Qualifizierung von Promovierenden im Rahmen eines thematisch fokussierten Forschungsprogramms und eines strukturierten Qualifizierungskonzepts. Eine interdisziplinäre Ausrichtung der Graduiertenschulen ist erwünscht. Ziel ist es, die Promovierenden intensiv auf den komplexen wissenschaftlichen Arbeitsmarkt vorzubereiten und gleichzeitig ihre frühe wissenschaftliche Selbstständigkeit zu unterstützen.",Research Training Groups (Graduiertenkolleg) are university institutions funded by the DFG for the early promotion of young researchers. The focus is on the qualification of doctoral students within the framework of a thematically focused research programme and a structured qualification concept. An interdisciplinary orientation of the graduate schools is desirable. The aim is to prepare doctoral students intensively for the complex academic labour market and at the same time to support their early academic independence.,"","","","","",generic,01: preparation,,
generic/academic-teaching/academic-study-programme/master-degree-programme,generic/academic-teaching/academic-study-programme,Master-Studiengang,Master Program,"Ein postgraduales Studienprogramm, das auf einen Bachelor-Abschluss folgt, in der Regel ein bis zwei Jahre dauert und darauf abzielt, vertiefte Kenntnisse und Fähigkeiten in einem bestimmten Fachgebiet zu vermitteln. Es schließt mit dem Master-Abschluss ab.","A postgraduate academic program that follows a bachelor’s degree, typically lasting one to two years, designed to provide advanced knowledge and skills in a specific field, culminating in a master’s degree.
","","",Master,Master,"",generic,01: preparation,,
generic/academic-teaching/academic-teaching-event/,generic/academic-teaching/academic-teaching-event,Lehrveranstaltung,Teaching Event,Unterrichtseinheit im Rahmen eines  Studiums an einer Universität oder Hochschule,Teaching unit as part of a course of study at a university or college,"","","","","",generic,01: preparation,,
generic/academic-teaching/academic-teaching-event/block,generic/academic-teaching/academic-teaching-event,Blocklehrveranstaltung,Block Course,"Lehrveranstaltung, die sich nicht über ein ganzes Semester erstreckt, sondern in einem zusammenhängenden Zeitraum von einigen Tagen, seltener einigen Wochen stattfindet.","Teaching event that does not extend over an entire semester, but takes place over a continuous period of a few days, or in rare cases a few weeks.","","","","","",generic,01: preparation,,
generic/academic-teaching/academic-teaching-event/lecture-exercise,generic/academic-teaching/academic-teaching-event,Übung zur Vorlesung,Lecture Exercise,"Lehrveranstaltung, die den Inhalt einer Vorlesung bei der Lösung von Problemstellungen anwendet.",Teaching event in which the solution of assignments (usually in conjunction with a lecture) is presented.,"","",Exercise,Übung,"",generic,01: preparation,,
generic/academic-teaching/academic-teaching-event/laboratory-practical,generic/academic-teaching/academic-teaching-event,Laborpraktikum,Lab Practical,Lehrveranstaltung zur Vermittlung praktischer Kenntnisse und Erfahrungen im Labor,Teaching event to acquire practical knowledge and experience in the laboratory,"","",Lab,Praktikum,"",generic,01: preparation,,
generic/academic-teaching/academic-teaching-event/lecture,generic/academic-teaching/academic-teaching-event,Vorlesung,Lecture,Lehrveranstaltung in Form eines (folien- oder tafelgestützten) Vortrages,Teaching event in the form of a (slide or board-based) oral presentation,"","","","","",generic,01: preparation,,
generic/academic-teaching/academic-teaching-event/seminar,generic/academic-teaching/academic-teaching-event,Seminar,Seminar,Lehrveranstaltung mit aktiver Beteiligung der Teilnehmenden,Teaching event with active engagement of the participants,"","","","","",generic,01: preparation,,
generic/academic-teaching/academic-teaching-event/proseminar,generic/academic-teaching/academic-teaching-event,Proseminar,Undergraduate Seminar,Seminar für Bachelor-Studierende,Seminar for bachelor students,"","","","","",generic,01: preparation,,
generic/academic-teaching/academic-teaching-event/hauptseminar,generic/academic-teaching/academic-teaching-event,Hauptseminar,Graduate Seminar,Seminar für Masterstudierende,Seminar for master students,"","","","","",generic,01: preparation,,
generic/academic-teaching/academic-teaching-event/excursion,generic/academic-teaching/academic-teaching-event,Exkursion,Field Trip,Lehrveranstaltung in Form der Besichtigung eines Betriebes oder einer Forschungseinrichtung,Teaching event in the form of a company or research facility visit,"","","","","",generic,01: preparation,,
befidesh/accelerator/erl,befidesh/accelerator,Linearbeschleuniger mit Energierückgewinnung,Energy Recovery Linac,,,"","","","","",befidesh,01: preparation,,
befidesh/accelerator/microtron/circular-microtron,befidesh/accelerator/microtron,Kreismikrotron,Circular Microtron,"Ein Mikrotron, das mit einem einzigen großen Magneten Teilchenbahnen aus immer größer werdenden Kreisen erzeugt.",A microtron that uses a single large magnet to create particle paths made up of ever-larger circles.,"","","","","",befidesh,01: preparation,,
befidesh/accelerator/microtron/racetrack-microtron,befidesh/accelerator/microtron,Rennbahn-Mikrotron,Racetrack Microtron,"Ein Mikrotron, das mit Hilfe von zwei Magneten Teilchenbahnen erzeugt, die immer größer werdenden Rennbahnen entsprechen. Dies ermöglicht größere Beschleunigungskomponenten und höhere Energien.","A microtron that uses two magnets to create particle paths made up of ever-larger racetracks, allowing for larger accelerating components and higher energies.","","","","","",befidesh,01: preparation,,
befidesh/facility/facility-complex/,befidesh/facility/facility-complex,Anlagenkomplex für Forschung,Research Facility Complex,"Ein Anlagenkomplex für Forschung ist eine Kombination aus miteinander verbundenen Ressourcen, die zur Unterstützung einer Reihe von Forschungsaktivitäten vorgesehen sind. Im Gegensatz zu einer einzelnen Forschungsanlage erstreckt sich ein Forschungsanlagenkomplex über mehrere Einrichtungen und oft auch Gebäude. Dazu gehören Instrumente, Labore, Verwaltungsbüros und Räume für die Zusammenarbeit.","A research facility complex is a combination of interconnected resources designed to support a range of research activities. Unlike a single research facility, a research facility complex spans multiple facilities and often buildings. These include instrumentation, laboratories, administrative offices and collaborative spaces.","","","","","",befidesh,01: preparation,,
befidesh/facility/accelerator-based-facility/ion-beam-facility,befidesh/facility/accelerator-based-facility,Ionenstrahl-Anlage,Ion Beam Facility,"Beschleunigerbasierte Anlage zur Erzeugung und Manipulation von Ionenstrahlen für wissenschaftliche und technologische Anwendungen in Bereichen wie Kernphysik, Mikroelektronik, Lebenswissenschaften und Umweltstudien.","Accelerator-based facility for the generation and manipulation of ion beams for scientific and technological applications in fields such as nuclear physics, microelectronics, life sciences and environmental studies.","","","","","",befidesh,01: preparation,,
befidesh/facility-life-cycle/,befidesh/facility-life-cycle,Lebenszyklus-Stufen einer Forschungsanlage,Facility Life Cycle Stages,,,"","","","","",befidesh,01: preparation,,
befidesh/facility-life-cycle/1_design,befidesh/facility-life-cycle,1. Entwurfphase,1. Design,"Die Entwurfsphase konzentriert sich auf die Planung und Definition der Struktur, der Funktionalität und der technischen Aspekte eines Projekts oder Systems. Sie ist in zwei Hauptunterphasen unterteilt:","The Design phase focuses on planning and defining the structure, functionality, and technical aspects of a project or system. It is divided into two main sub-phases:","","","","","",befidesh,01: preparation,,
befidesh/facility-life-cycle/1.1_conceptual_design,befidesh/facility-life-cycle,1.1 konzeptioneller Entwurf,1.1 Conceptual Design,"In dieser Phase geht es um Planung und Ideenfindung auf hoher Ebene, um die allgemeine Vision und den Zweck des Projekts zu umreißen.",This stage involves high-level planning and ideation to outline the overall vision and purpose of the project.,"","","","","",befidesh,01: preparation,,
befidesh/facility-life-cycle/1.1.1_creating_conceptual_design,befidesh/facility-life-cycle,1.1.1 Erstellung des konzeptionellen Entwurfs,1.1.1 Conceptual Design Creation,"Der Prozess des Brainstormings und des Entwurfs des ursprünglichen Konzepts, einschließlich der Ziele, des Umfangs und der Machbarkeit.","The process of brainstorming and drafting the initial concept, including goals, scope, and feasibility.","","","","","",befidesh,01: preparation,,
befidesh/facility-life-cycle/1.1.2_conceptionally-designed,befidesh/facility-life-cycle,1.1.2 konzeptionell entworfen,1.1.2 Conceptually Designed,"Die Fertigstellung des konzeptionellen Entwurfs, der eine klare Vision oder Blaupause für das Projekt darstellt.","The completion of the conceptual design, resulting in a clear vision or blueprint for the project.","","","","","",befidesh,01: preparation,,
befidesh/facility-life-cycle/1.2.2_technically-designed,befidesh/facility-life-cycle,1.2.2 technisch entworfen,1.2.2 Technically Designed,"Die Fertigstellung des technischen Entwurfs, bereit für die Implementierung.","The finalization of the technical design, ready for implementation.","","","","","",befidesh,01: preparation,,
befidesh/facility-life-cycle/1.2_technical_design,befidesh/facility-life-cycle,1.2 technischer Entwurf,1.2 Technical Design,In dieser Phase wird der konzeptionelle Entwurf in detaillierte technische Spezifikationen und Pläne umgesetzt.,This phase translates the conceptual design into detailed technical specifications and plans.,"","","","","",befidesh,01: preparation,,
befidesh/facility-life-cycle/2_realization,befidesh/facility-life-cycle,2. Realisierungsphase,2. Realisation,"In der Realisierungsphase wird der Entwurf durch Vorbereitung, Bau und Inbetriebnahme in die Praxis umgesetzt.","The Realisation phase involves bringing the design to life through preparation, construction, and commissioning.","","","","","",befidesh,01: preparation,,
befidesh/facility-life-cycle/1.2.1_creating_technical_design,befidesh/facility-life-cycle,1.2.1 Erstellung des technischen Entwurfs,1.2.1 Technical Design Creation,"Entwicklung einer detaillierten technischen Dokumentation, einschließlich Schemata, Arbeitsabläufe und Systemanforderungen.","Developing detailed technical documentation, including schematics, workflows, and system requirements.","","","","","",befidesh,01: preparation,,
befidesh/facility-life-cycle/2.1_preparation,befidesh/facility-life-cycle,2.1 Vorbereitung,2.1 Preparation,"Die Beschaffung von Ressourcen, Materialien und Teams, die für den Bau oder die Implementierung benötigt werden.","Gathering resources, materials, and teams required for construction or implementation.","","","","","",befidesh,01: preparation,,
befidesh/facility-life-cycle/2.2_construction,befidesh/facility-life-cycle,2.2 Konstruktion,2.2 Construction,Der physische oder technische Aufbau des Projekts gemäß den Entwurfsspezifikationen.,The physical or technical build-out of the project according to the design specifications.,"","","","","",befidesh,01: preparation,,
befidesh/facility-life-cycle/2.3_commissioning,befidesh/facility-life-cycle,2.3 Inbetriebnahme,2.3 Commissioning,"Testen und Prüfen, ob das System oder Projekt wie vorgesehen funktioniert, bevor es in Betrieb genommen wird.",Testing and verifying that the system or project functions as intended before it goes live.,"","","","","",befidesh,01: preparation,,
befidesh/facility-life-cycle/3_operation_and_maintenance,befidesh/facility-life-cycle,3. Betrieb und Instandhaltung,3. Operation And Maintenance,Diese Phase konzentriert sich auf die laufende Nutzung und Pflege des Systems oder Projekts.,This phase focuses on the ongoing use and upkeep of the system or project.,"","","","","",befidesh,01: preparation,,
befidesh/facility-life-cycle/3.1_operation,befidesh/facility-life-cycle,3.1 Betrieb,3.1 Operation,"Die tägliche Nutzung und Verwaltung des Systems, um den beabsichtigten Zweck zu erreichen.",The day-to-day use and management of the system to achieve its intended purpose.,"","","","","",befidesh,01: preparation,,
befidesh/facility-life-cycle/3.2_maintenance,befidesh/facility-life-cycle,3.2 Instandhaltung,3.2 Maintenance," Regelmäßige Instandhaltung, Reparaturen und Aktualisierungen, um sicherzustellen, dass das System funktionsfähig und effizient bleibt."," Regular upkeep, repairs, and updates to ensure the system remains functional and efficient.","","","","","",befidesh,01: preparation,,
befidesh/facility-life-cycle/4_end_of_life,befidesh/facility-life-cycle,4. Ende des Lebenszyklus,4. End Of Life,Die End-of-Life-Phase befasst sich mit der Ausmusterung oder dem Ersatz des Systems oder Projekts.,The End of Life phase addresses the retirement or replacement of the system or project.,"","","","","",befidesh,01: preparation,,
befidesh/facility-life-cycle/4.1_replaced_by_upgrade,befidesh/facility-life-cycle,4.1 Upgrade,4.1 Upgrade,"Diese End-of-Life-Phase führt zu einer aktualisierten Version, die den sich ändernden Anforderungen gerecht wird.",This end-of-life branch results in an upgraded version to meet evolving needs.,"","","","","",befidesh,01: preparation,,
befidesh/facility-life-cycle/4.2_decommissioning,befidesh/facility-life-cycle,4.2 Rückbau,4.2 Decommissioning,"Der End-of-Life-Zweig konzentriert sich auf die Ausmusterung des Systems, wenn es nicht mehr benötigt wird.",This end-of-life branch focuses on the retirement of the system when it is no longer needed.,"","","","","",befidesh,01: preparation,,
befidesh/facility-life-cycle/4.2.2_decommissioned,befidesh/facility-life-cycle,4.2.2 Rückgebaut,4.2.2 Decommissioned,Das System wurde vollständig außer Betrieb genommen und wird nicht mehr verwendet.,The system has been fully retired and is no longer in use.,"","","","","",befidesh,01: preparation,,
befidesh/accelerator-application/science-application/matter-research/,befidesh/accelerator-application/science-application/matter-research,Materieforschung,Matter Research,"Erforschung der komplexen Wechselwirkungen zwischen Atomen und Molekülen, die zu Materieformen wie Kristallen, Kunststoffen und Biomolekülen führen.","Research into the complex interactions between atoms and molecules that lead to forms of matter such as crystals, plastics and biomolecules.","","","","","",befidesh,01: preparation,,
befidesh/accelerator/linear-accelerator/drift-tube-linac,befidesh/accelerator/linear-accelerator,Driftröhrenbeschleuniger ,Drift Tube Linac (DTL),,linear accelerator to accelerate particles in the low-to-medium energy range,"","","","","",befidesh,01: preparation,,
befidesh/accelerator/linear-accelerator/radiofrequency-quadrupole-linac,befidesh/accelerator/linear-accelerator,Hochfrequenz-Quadrupol (RFQ) Linac ,Radiofrequency Quadrupole (RFQ) Linac ,"Linac, der niederenergetische Ionen gebündelt beschleunigt. Wird oft als erste Stufe in größeren Beschleunigersystemen verwendet.",linac that focuses and accelerates low-energy ions. Often used as the first stage in larger accelerator systems.,"","","","","",befidesh,01: preparation,,
befidesh/acceleration/accelerating-process/electrodynamic-acceleration/,befidesh/acceleration/accelerating-process/electrodynamic-acceleration,Elektrodynamische Beschleunigung,Electrodynamic Acceleration,"Bei der elektrodynamischen (oder elektromagnetischen) Beschleunigung werden elektromagnetische Wechselfelder genutzt, um Energie auf Teilchen zu übertragen.",Electrodynamic (or electromagnetic) acceleration employs changing electromagnetic fields to accelerate particles.,"","","","","",befidesh,01: preparation,,
generic/academic-degree/,generic/academic-degree,Akademischer Grad,Academic Degree,"Akademische Grade sind Abschlussbezeichnungen, die von dazu berechtigten Hochschulen aufgrund eines erfolgreich mit einer Hochschulprüfung abgeschlossenen Studiums oder aufgrund einer besonderen wissenschaftlichen Leistung vergeben und durch eine Urkunde dokumentiert werden.",Academic degrees are designations awarded by authorised universities on the basis of a successfully completed course of study with a university examination or on the basis of a special academic achievement and documented by a certificate.,"","",University degree,Hochschulgrad,"",generic,01: preparation,,
generic/academic-degree/bachelor-degree/,generic/academic-degree/bachelor-degree,Bachelor-Grad,Bachelor's Degree,"Erster akademischer und berufsqualifizierender Abschluss des dreistufigen Bologna-Modells. Je nach akademischer Disziplin wird der Bachelorgrad durch eine von sieben möglichen Bezeichnungen spezifiziert:  Bachelor of Arts (B. @ A.), Bachelor of Science (B. @ Sc.), Bachelor of Engineering (B. @ Eng.), Bachelor of Laws (LL. @ B.), Bachelor of Fine (B. @ F. @ A.), Bachelor of Music (B. @ Mus.), Bachelor of Education (B. @ Ed.).","First academic degree and professional qualification of the three-tier Bologna model. Depending on the academic discipline, a Bachelor's degree is specified by one of seven designations, B. @ A. (Bachelor of Arts), B.  @ Sc. (Bachelor of Science), B. @ Eng. (Bachelor of Engineering), LL. @ B. (Bachelor of Laws), B. @ F. @ A. (Bachelor of Fine Arts), B. @ Mus. (Bachelor of Music), B. @ Ed. (Bachelor of Education).","","","","Bachelorgrad,Bachelorabschluss","",generic,01: preparation,,
generic/academic-degree/bachelor-degree/:b.sc.,generic/academic-degree/bachelor-degree,Bachelor of Science,Bachelor Of Science,"Der Bachelor of Science wird in den Fächergruppen Mathematik, Naturwissenschaften und teilweise Ingenieurwissenschaften verliehen.","The Bachelor of Science is awarded in the subject groups of mathematics, natural sciences and, in some cases, engineering.","",B. @ Sc.,B. @ Sc.,"","",generic,01: preparation,,
generic/academic-degree/bachelor-degree/:b.eng.,generic/academic-degree/bachelor-degree,Bachelor of Engineering,Bachelor Of Engineering,Eine der sieben von der Kultusministerkonferenz festgelegten Bachelor-Abschlussbezeichnungen; verliehen in den Ingenieurwissenschaften.,One of the seven Bachelor's degree titles defined by the Conference of Ministers of Education and Cultural Affairs; awarded in the engineering sciences.,"",B. @ Eng.,B. @ Eng.,"","",generic,01: preparation,,
generic/academic-degree/master-degree/,generic/academic-degree/master-degree,Master-Grad,Master's Degree,"Der Master ist der zweithöchste akademische Grad. Er wird nach erfolgreichem Abschluss eines Masterstudiums an Universitäten oder gleichgestellten Hochschulen verliehen. Das Masterstudium ist ein Aufbaustudium, das in der Regel auf ein Bachelorstudium folgt. 
",The Master's degree is the second highest academic degree. It is awarded upon successful completion of a Master's degree programme at universities or equivalent institutions of higher education. The Master's degree programme is a postgraduate course that usually follows a Bachelor's degree. ,"","","","Mastergrad,Masterabschluss","",generic,01: preparation,,
generic/academic-degree/master-degree/:m.a.,generic/academic-degree/master-degree,Master of Science,Master Of Science,"Eine der sieben von der Kultusministerkonferenz festgelegten Master-Abschlussbezeichnungen; verliehen in den Fächergruppen Mathematik, Naturwissenschaften und teilweise Ingenieurwissenschaften.","One of the seven Master's degree titles defined by the Standing Conference of the Ministers of Education and Cultural Affairs; awarded in the subject groups of mathematics, natural sciences and, in some cases, engineering.","",M. @ Sc.,B. @ Sc.,"","",generic,01: preparation,,
generic/academic-degree/master-degree/:m.eng.,generic/academic-degree/master-degree,Master of Engineering,Master Of Engineering,Abschlussbezeichnungen für einen Mastergrad in den Ingenieurwissenschaften,Degree designation for a Master's degree in the engineering sciences,"",M. @ Eng.,M. @ Eng.,"","",generic,01: preparation,,
generic/academic-degree/doctoral-degree/,generic/academic-degree/doctoral-degree,Doktorgrad,Doctorate,Der Doktorgrad ist der höchste akademische Grad und wird durch die Promotion an einer Universität mit Promotionsrecht erworben. Mit der Promotion wird die Befähigung zu selbständiger wissenschaftlicher Arbeit nachgewiesen.,The doctorate is the highest academic degree and is obtained by completing a doctorate at a university with the right to award doctorates. The doctorate is proof of the ability to carry out independent academic work.,"","","","","",generic,01: preparation,,
generic/academic-degree/doctoral-degree/:phd,generic/academic-degree/doctoral-degree,Ph.D,Ph.D,Der Ph.D. ist in englischsprachigen Ländern der wissenschaftliche Doktorgrad in fast allen Fächern und der höchste Studienabschluss im Postgraduiertenbereich.,"In English-speaking countries, the Ph.D. is the academic doctoral degree in almost all subjects and the highest postgraduate degree.","","",PhD,PhD,"",generic,01: preparation,,
generic/academic-degree/doctoral-degree/:dr.rer.nat.,generic/academic-degree/doctoral-degree,Doktor der Naturwissenschaften ,Doctor Of Natural Sciences,"Der Doktor der Naturwissenschaften wird nicht nur in rein naturwissenschaftlichen Fächern wie Physik, Chemie oder Biologie verliehen, sondern auch in verwandten Fächern wie Geographie, Pharmazie, Mathematik, Informatik, Statistik oder Psychologie.","The Doctor of Natural Sciences is not only awarded in purely natural science subjects such as physics, chemistry or biology, but also in related subjects such as geography, pharmacy, mathematics, computer science, statistics or psychology.","",Dr. @ rer. @ nat.,"Dr. @ rer. @ nat.,Doctor rerum naturalium",Doctor rerum naturalium,"",generic,01: preparation,,
generic/academic-degree/doctoral-degree/:dr.ing.,generic/academic-degree/doctoral-degree,Doktor der Ingenieurwissenschaften,Doctor Of Engineering,"Der Doktor der Ingenieurwissenschaften (Dr.-Ing.) ist in Deutschland ein akademischer Grad, der durch eine Promotion im Bereich der Ingenieurwissenschaften, beispielsweise in den Fachrichtungen Maschinenbau, Elektrotechnik, Bauingenieurwesen, Verfahrenstechnik, Umwelttechnik, Luft- und Raumfahrttechnik oder Werkstoffwissenschaften, erworben wird. In bestimmten Fällen kann der Grad auch in der Informatik verliehen werden.","The Doctor of Engineering (Dr.-Ing.) is an academic degree in Germany, which is obtained through a doctorate in the field of engineering, for example in the fields of mechanical engineering, electrical engineering, civil engineering, process engineering, environmental engineering, aerospace technology or materials science. In certain cases, the degree can also be awarded in computer science.","","","Dr.-Ing.,Doctor of Science (Engineering),Doctor of Science (Technology),PhD in Engineering","Dr.-Ing.,Doktoringenieur/in","",generic,01: preparation,,
befidesh/facility-life-cycle/4.2.1_decommissioning,befidesh/facility-life-cycle,4.2.1 Im Rückbau,4.2.1 In decommissioning,Das System wird gerade abgeschaltet und aus dem Betrieb genommen.,The system is in the process of being shut down and removed from operation.,"","","","","",befidesh,01: preparation,,
befidesh/facility-life-cycle/4.1.1_replaced_by_upgrade,befidesh/facility-life-cycle,4.1.1 Im Upgradeprozess,4.1.1 Being Replaced By Upgrade,"Das System wird durch eine neuere oder aktualisierte Version ersetzt, um den sich ändernden Anforderungen gerecht zu werden.",The system is replaced by a newer or upgraded version to meet evolving needs.,"","","","","",befidesh,01: preparation,,
befidesh/facility-life-cycle/4.1.2_replaced_by_upgrade,befidesh/facility-life-cycle,4.1.2 Ersetzt durch Upgrade,4.1.2 Replaced By Upgrade,"Das System wird durch eine neuere oder aktualisierte Version ersetzt, um den sich ändernden Anforderungen gerecht zu werden.",The system is replaced by a newer or upgraded version to meet evolving needs.,"","","","","",befidesh,01: preparation,,
generic/role/,generic/role,Rolle,Role,,,"","","","","",generic,,,
generic/academic-degree/bachelor-degree/:b.a.,generic/academic-degree/bachelor-degree,Bachelor of Science,Bachelor Of Science,"Der Bachelor of Science wird in den Fächergruppen Mathematik, Naturwissenschaften und teilweise Ingenieurwissenschaften verliehen.","The Bachelor of Science is awarded in the subject groups of mathematics, natural sciences and, in some cases, engineering.","",B. @ A.,B. @ Sc.,"","",generic,01: preparation,,
generic/academic-degree/master-degree/:m.sc.,generic/academic-degree/master-degree,Master of Arts,Master Of Science,"Eine der sieben von der Kultusministerkonferenz festgelegten Master-Abschlussbezeichnungen; verliehen in den Fächergruppen Mathematik, Naturwissenschaften und teilweise Ingenieurwissenschaften.","One of the seven Master's degree titles defined by the Standing Conference of the Ministers of Education and Cultural Affairs; awarded in the subject groups of mathematics, natural sciences and, in some cases, engineering.","",M. @ A.,B. @ Sc.,"","",generic,01: preparation,,
generic/,,GENERIC,GENERIC,"Taxonomie allgemeiner Begriffe, die nicht auf die Beschleunigerforschung beschränkt sind.",Taxonomie of general terms that extend beyond accelerator research.,"","","","","",generic,06: approved,dirk.rathje,
befidesh/,,BeFIDeSH,BeFIDeSH,Taxonomie beschleunigerforschungsspezifischer Begriffe,Taxonomy of accelerator research-specific terms.,"","","","","",befidesh,06: approved,,
befidesh/facility/accelerator-based-facility/neutron-source/laser-driven-neutron-source,befidesh/facility/accelerator-based-facility/neutron-source,Lasergetriebene Neutronenquelle,Laser driven Neutron Source,,,LDNS,"","","","",befidesh,01: preparation,,
befidesh/facility/magnet-facility,befidesh/facility,Anlage für Magnetvermessung,Facility for magnet measurements,,,"","","","","",befidesh,01: preparation,,
befidesh/facility/cryogenic-facility,befidesh/facility,Anlage für Kältemessungen,Facility for cryogenic measurements,,,"","","","","",befidesh,01: preparation,,
befidesh/accelerator-application/security/nuclear-threat,befidesh/accelerator-application/security,Bekämpfung nuklearer Bedrohungen und der Kernwaffenverbreitung (Nonproliferation),Countering nuclear threats and the proliferation of nuclear weapons (non-proliferation),"Beschleuniger ermöglichen aktive Untersuchungsverfahren, bei denen hochenergetische Photonen oder Neutronen auf verdächtige Objekte oder Ladungen gerichtet werden, um charakteristische Emissionen (z. B. Spaltsignaturen) von Kernmaterialien zu erzeugen. Auf diese Weise lassen sich illegale nukleare Substanzen aus der Ferne aufspüren, was aufgrund ihrer geringen natürlichen Radioaktivität ansonsten schwierig wäre. Diese Systeme unterstützen die Nichtverbreitung von Kernwaffen, indem sie den unerlaubten Transport oder die Lagerung von nuklearem und radiologischem Material aufdecken.","Accelerators enable active probing techniques, whereby high-energy photons or neutrons are directed at suspicious objects or cargo in order to induce characteristic emissions (such as fission signatures) from nuclear materials. This allows illicit nuclear substances to be detected at a distance, which would otherwise be challenging due to their low natural radioactivity. These systems support nuclear non-proliferation by identifying the unauthorised transport or storage of nuclear and radiological materials.","","","","","",befidesh,01: preparation,,
befidesh/accelerator-application/security/non-invasive-screening,befidesh/accelerator-application/security,Fracht- und Gepäckkontrolle,Cargo and baggage screening,"Kompakte Elektronenbeschleuniger werden an Flughäfen, Seehäfen und Grenzübergängen eingesetzt, um mit hochenergetischen Röntgenstrahlen Container, Fahrzeuge und Gepäck auf versteckte Waffen, Sprengstoffe, Drogen oder radioaktives Material zu untersuchen. Dual-Energy-Röntgensysteme ermöglichen dank Teilchenbeschleunigern die Unterscheidung zwischen organischen, anorganischen und metallischen Stoffen.","Compact electron accelerators are used at airports, seaports and border crossings to examine containers, vehicles and luggage for hidden weapons, explosives, drugs or radioactive material using high-energy X-rays. Thanks to particle accelerators, dual-energy X-ray systems make it possible to differentiate between organic, inorganic and metallic substances.","","","","","",befidesh,01: preparation,,
befidesh/accelerator-application/security/space-radiation-health-research,befidesh/accelerator-application/security,Erforschung der gesundheitlichen Auswirkungen von Weltraumstrahlung,Research into the health effects of space radiation,"Die biologischen Auswirkungen der Weltraumstrahlung sind eines der größten Hindernisse für die Gewährleistung der Sicherheit von Langzeitmissionen zum Mond, Mars und darüber hinaus. Galaktische kosmische Strahlung (GCR) und solare Teilchenereignisse (SPE) sind zwei Beispiele für die gefährliche Strahlung, der Astronauten ausgesetzt sind, wenn sie sich außerhalb der schützenden Atmosphäre und des Magnetfelds der Erde bewegen. Diese Strahlung kann unter anderem eine akute Strahlenkrankheit verursachen und das lebenslange Krebsrisiko erhöhen. Auf der Erde sind Teilchenbeschleuniger die einzige praktikable Möglichkeit, diese harschen Bedingungen zu simulieren, was es den Forschern ermöglicht, die Auswirkungen der Weltraumstrahlung besser zu verstehen und mögliche Gegenmaßnahmen zu entwickeln.","The biological effects of space radiation are one of the most significant obstacles for ensuring the safety of long-duration human missions to the Moon, Mars and beyond. Galactic cosmic rays (GCRs) and solar particle events (SPEs) are two examples of the hazardous radiation to which astronauts are exposed when they venture beyond Earth's protective atmosphere and magnetic field. This radiation can cause acute radiation sickness and increase the lifetime risk of cancer, among other things. On Earth, particle accelerators are the only practical means of simulating these harsh conditions, enabling researchers to improve our understanding of the effects of space radiation and develop potential countermeasures.","","","","","",befidesh,01: preparation,,
befidesh/accelerator-application/security/nuclear-waste-treatment,befidesh/accelerator-application/security,Nukleare Abfallbehandlung,Nuclear waste treatment,"Beschleunigerbasierte Systeme könnten dabei helfen, die Radiotoxizität und die Lagerungsdauer von nuklearem Abfall signifikant zu reduzieren. Dies wäre möglich, indem langlebige radioaktive Überreste aus Kernreaktoren durch Transmutation in kurzlebige oder stabile Isotope umgewandelt werden. So ließe sich die benötigte geologische Lagerdauer beispielsweise von 300.000 auf 300 bis 500 Jahre senken.","Accelerator-based systems could help to significantly reduce the radiotoxicity and storage time of nuclear waste. This would be possible by converting long-lived radioactive remnants from nuclear reactors into short-lived or stable isotopes through transmutation. In this way, the required geological storage period could be reduced from 300,000 to 300 to 500 years, for example.","","","","","",befidesh,01: preparation,,
befidesh/accelerator-component/magnet/septa-magnet,befidesh/accelerator-component/magnet,Septa,Septa,,,"","","","","",befidesh,01: preparation,,
befidesh/acceleration/accelerating-medium/,befidesh/acceleration/accelerating-medium,Beschleunigungsmedium,Acceleration Medium,"Die Umgebung, in der ein Beschleunigungsprozess stattfindet (z. B. leitende Hohlräume, Plasmen oder dielektrische Strukturen). Die Eigenschaften des Mediums bestimmen, wie viel Energie auf die Teilchen übertragen werden kann.","The environment in which an acceleration process occurs (e.g. conducting cavities, plasmas or dielectric structures). The characteristics of the medium determine the limit of how much energy can be transferred to the particles.","","","","","",befidesh,,,
befidesh/acceleration/accelerating-driver/em-field/thz-radiation,befidesh/acceleration/accelerating-driver/em-field,Terahertz-Strahlung,Terahertz radiation,,,ThZ radiiation,ThZ-Strahlung,"","","",befidesh,,,
befidesh/acceleration/accelerating-medium/conducting-cavity,befidesh/acceleration/accelerating-medium,Leitender Hohlraum,Conducting Cavity,,,"","","","","",befidesh,,,
befidesh/acceleration/accelerating-driver/particle-beam,befidesh/acceleration/accelerating-driver,Teilchenstrahl,Particle beam,,,"","","","","",befidesh,,,
befidesh/acceleration/accelerating-medium/conducting-cavity/superconducting-cavity,befidesh/acceleration/accelerating-medium/conducting-cavity,Supraleitender Hohlraum,Superconducting Cavity,,,"","","","","",befidesh,,,
befidesh/acceleration/accelerating-medium/dielectric-cavity,befidesh/acceleration/accelerating-medium,Dielektrischer Hohlraum,Dielectric cavity,,,"","","","","",befidesh,,,
befidesh/acceleration/accelerating-medium/plasma,befidesh/acceleration/accelerating-medium,Plasma,Plasma,,,"","","","","",befidesh,,,
befidesh/acceleration/accelerating-driver/em-field/rf-radiation,befidesh/acceleration/accelerating-driver/em-field,Hochfrequenzstrahlung,Radio-frequency radiation,,,RF,RF,"","","",befidesh,,,
befidesh/acceleration/accelerating-driver/em-field/optical-radiation,befidesh/acceleration/accelerating-driver/em-field,Optische Strahlung,Optical radiation,,,"","","","","",befidesh,,,
befidesh/acceleration/,befidesh/acceleration,Beschleunigung,Acceleration,,,"","","","","",befidesh,,,
befidesh/acceleration/accelerating-driver/,befidesh/acceleration/accelerating-driver,Beschleunigungstreiber,Acceleration Driver,"Die Entität, die einen Beschleunigungsprozess in einem Medium einleitet und aufrechterhält (z. B. Hochfrequenzstrahlung, Laserstrahlen oder Teilchenstrahlen). Sie ist die Quelle der auf die Teilchen übertragenen Energie.","The entity that initiates and maintains an acceleration process within a medium (e.g. radiofrequency radiation, laser beams or particle beams). It is the source of the energy transferred to the particles.
","","","","","",befidesh,01: preparation,,
befidesh/acceleration/accelerating-driver/em-field/,befidesh/acceleration/accelerating-driver/em-field,Elektromagnetisches Feld,Electromagnetic field,,,"","","","","",befidesh,,,
befidesh/accelerator-research-subfield/,befidesh/accelerator-research-subfield,Beschleunigerforschung,Accelerator Research Subdomain,Als transdisziplinäres Gebiet mit natur- und ingenieurwissenschaftlichen Bezügen läßt sich die Beschleunigerforschung selbst in (sich teilweise überschneidende) Teilbereiche gliedern.,"As a transdisciplinary field with scientific and engineering aspects, accelerator research itself can be organised into (partially overlapping) subfields.","","","","","",befidesh,01: preparation,,
befidesh/accelerator-research-method/hypothesis-testing-and-falsification,befidesh/accelerator-research-method,Testen und Falsifizieren von Hypothesen,Hypothesis testing and falsification,"Formulieren von überprüfbaren Hypothesen und Entwerfen von Experimenten, die sie möglicherweise falsifizieren könnten.
",Formulating testable hypotheses and designing experiments that could potentially falsify them.,"","","","","",befidesh,01: preparation,,
befidesh/accelerator-research-method/controlled-laboratory-experiment,befidesh/accelerator-research-method,Kontrollierte Laborexperimente,Controlled laboratory experiment,Planung und Durchführung von Experimenten zur Prüfung von Hypothesen und zur Beobachtung physikalischer Phänomene unter kontrollierten Bedingungen.,Designing and conducting experiments to test hypotheses and observe physical phenomena under controlled conditions.,"","","","","",befidesh,01: preparation,,
befidesh/accelerator-research-method/measurement-and-instrumentation,befidesh/accelerator-research-method,Messung und Instrumentierung,Measurement and instrumentation,Entwicklung und Einsatz präziser Instrumente zur Quantifizierung physikalischer Eigenschaften.,Developing and using precise instruments to quantify physical properties.,"","","","","",befidesh,01: preparation,,
befidesh/accelerator-research-method/simulation-and-modelling,befidesh/accelerator-research-method,Mathematische Modellierung und Simulation,Mathematical modelling and simulation,"Hier geht es darum, mathematische Modelle zu erstellen und sie analytisch oder rechnerisch zu lösen, um physikalische Systeme zu simulieren und die Ergebnisse mit denen zu vergleichen, die durch Experimente gewonnen wurden.",Creating mathematical models and solving them analytically or computationally in order to simulate physical systems and compare the results with those obtained through experimentation.,"","","","","",befidesh,01: preparation,,
befidesh/accelerator-research-method/case-study,befidesh/accelerator-research-method,Fallstudie,Case study,"Eingehende Analyse spezifischer technischer Projekte oder Misserfolge, um Lehren und bewährte Verfahren zu ziehen.",In-depth analysis of specific engineering projects or failures to extract lessons and best practices.,"","","","","",befidesh,01: preparation,,
befidesh/accelerator-research-method/surveys-and-interviews,befidesh/accelerator-research-method,Erhebungen und Befragungen,Surveys and interviews,"Sammeln von Daten von Praktikern, Nutzern oder Interessenvertretern, um Informationen für die Gestaltung zu erhalten und den Bedarf zu ermitteln.","Gathering data from practitioners, users or stakeholders to inform design and assess needs.","","","","","",befidesh,01: preparation,,
befidesh/accelerator-research-method/prototyping-and-system-design,befidesh/accelerator-research-method,Prototyping und Systemdesign,Prototyping and system design,"Entwurf, Bau und Test von Prototypen oder Systemarchitekturen zur Lösung technischer Probleme.","Designing, building and testing prototypes or system architectures to solve engineering problems.","","","","","",befidesh,01: preparation,,
befidesh/accelerator-research-method/literature-review,befidesh/accelerator-research-method,Literaturübersicht,Literature review,"Kritische Prüfung bestehender Theorien und experimenteller Ergebnisse, um Lücken oder neue Richtungen zu ermitteln.",Critically examining existing theories and experimental results to identify gaps or new directions.,"","","","","",befidesh,01: preparation,,
befidesh/accelerator-research-method/computational-physics,befidesh/accelerator-research-method,Computergestützte Physik,Computational physics,,"Using numerical methods and simulations to solve complex problems that cannot be solved analytically.
","","","","","",befidesh,01: preparation,,
befidesh/accelerator-research-method/optimisation-techniques,befidesh/accelerator-research-method,Optimierungstechniken,Optimisation techniques,"Verwendung von Algorithmen und statistischen Methoden, um die besten Lösungen innerhalb gegebener Einschränkungen zu finden.",Using algorithms and statistical methods to find the best solutions within given constraints.,"","","","","",befidesh,01: preparation,,
befidesh/accelerator-research-subfield/superconductivity,befidesh/accelerator-research-subfield,Supraleitung,Superconductivity,,,"","","","","",befidesh,01: preparation,,
befidesh/facility/accelerator-based-facility/beamline,befidesh/facility/accelerator-based-facility,Beamline,Beamline,,,"","","","","",befidesh,01: preparation,,
